MetaTest/__unnamed_task__/NumEpisodes,MetaTest/__unnamed_task__/TerminationRate,MetaTest/__unnamed_task__/StdReturn,MetaTest/__unnamed_task__/MaxReturn,MetaTest/Average/Iteration,MetaTest/Average/AverageReturn,MetaTest/Average/NumEpisodes,MetaTest/__unnamed_task__/Iteration,MetaTest/Average/StdReturn,MetaTest/Average/TerminationRate,TotalEnvSteps,MetaTest/__unnamed_task__/MinReturn,MetaTest/Average/MaxReturn,MetaTest/Average/MinReturn,MetaTest/__unnamed_task__/AverageDiscountedReturn,MetaTest/__unnamed_task__/AverageReturn,MetaTest/Average/AverageDiscountedReturn
300,1.0,4.378337356831688,190.67468863060284,0,177.59412891017962,300,0,4.378337356831688,1.0,57748,155.52589013426336,190.67468863060284,155.52589013426336,177.59412891017962,177.59412891017962,177.59412891017962
301,1.0,19.536200739520147,238.09697205006592,1,188.1303881232513,301,1,19.536200739520147,1.0,64996,135.8561050617637,238.09697205006592,135.8561050617637,188.1303881232513,188.1303881232513,188.1303881232513
248,1.0,18.688370366793592,293.82268790663744,2,223.76358120102051,248,2,18.688370366793592,1.0,72414,138.54306415679247,293.82268790663744,138.54306415679247,223.76358120102051,223.76358120102051,223.76358120102051
220,1.0,28.358829446982757,336.08184056561714,3,263.00935964740137,220,3,28.358829446982757,1.0,79874,66.34746079217476,336.08184056561714,66.34746079217476,263.00935964740137,263.00935964740137,263.00935964740137
227,1.0,142.96325866822843,538.2896059937588,4,298.4334384712313,227,4,142.96325866822843,1.0,87561,75.50693729421076,538.2896059937588,75.50693729421076,298.43343847123134,298.4334384712313,298.43343847123134
205,1.0,91.18643907458043,800.6992387564712,5,306.4593323078054,205,5,91.18643907458043,1.0,95476,107.9286289348335,800.6992387564712,107.9286289348335,306.4593323078054,306.4593323078054,306.4593323078054
195,1.0,56.86885561082938,453.45449067031376,6,303.9544313640821,195,6,56.86885561082938,1.0,103192,191.27139096823396,453.45449067031376,191.27139096823396,303.9544313640821,303.9544313640821,303.9544313640821
190,1.0,33.67402840332484,392.24098348052837,7,299.6269441164038,190,7,33.67402840332484,1.0,110783,202.94663954127472,392.24098348052837,202.94663954127472,299.6269441164038,299.6269441164038,299.6269441164038
236,1.0,70.00961229054408,354.0683243900247,8,235.03539554513017,236,8,70.00961229054408,1.0,118492,37.484318471830335,354.0683243900247,37.484318471830335,235.03539554513017,235.03539554513017,235.03539554513017
231,1.0,37.84438667407439,343.66236442323327,9,265.4437091432445,231,9,37.84438667407439,1.0,126206,32.39678138870118,343.66236442323327,32.39678138870118,265.4437091432445,265.4437091432445,265.4437091432445
227,1.0,23.934836062027692,308.66439804086485,10,269.65151553985714,227,10,23.934836062027692,1.0,133730,30.889775700935687,308.66439804086485,30.889775700935687,269.65151553985714,269.65151553985714,269.65151553985714
245,1.0,31.646062938286097,303.8278210953769,11,243.62965548176618,245,11,31.646062938286097,1.0,141234,33.68738231540328,303.8278210953769,33.68738231540328,243.62965548176618,243.62965548176618,243.62965548176618
201,1.0,10.39829883740641,384.17878657447784,12,345.6652823056075,201,12,10.39829883740641,1.0,148609,314.3620750200266,384.17878657447784,314.3620750200266,345.6652823056075,345.6652823056075,345.6652823056075
201,1.0,17.120756966995163,412.5729304297469,13,376.00517192809946,201,13,17.120756966995163,1.0,156377,336.38626152188885,412.5729304297469,336.38626152188885,376.00517192809946,376.00517192809946,376.00517192809946
192,1.0,51.367846829007235,505.73578442218866,14,392.1301466087286,192,14,51.367846829007235,1.0,164199,49.49845372883221,505.73578442218866,49.49845372883221,392.1301466087286,392.1301466087286,392.1301466087286
217,1.0,15.210481335451725,392.8021310388714,15,331.4164250172222,217,15,15.210481335451725,1.0,171939,274.69450364215913,392.8021310388714,274.69450364215913,331.4164250172222,331.4164250172222,331.4164250172222
258,1.0,110.5050256340346,417.72922518450065,16,259.0443938958939,258,16,110.5050256340346,1.0,179803,30.126950137561558,417.72922518450065,30.126950137561558,259.0443938958939,259.0443938958939,259.0443938958939
189,1.0,70.15195046211592,663.4022422903679,17,383.95764691204704,189,17,70.15195046211592,1.0,187503,274.16288726059355,663.4022422903679,274.16288726059355,383.957646912047,383.95764691204704,383.957646912047
195,1.0,58.68926559725942,603.6874313637479,18,389.5891116072634,195,18,58.68926559725942,1.0,195089,259.4651615306549,603.6874313637479,259.4651615306549,389.5891116072634,389.5891116072634,389.5891116072634
166,1.0,73.25446421869228,786.3745109609342,19,492.1294758743233,166,19,73.25446421869228,1.0,202577,362.2093646250815,786.3745109609342,362.2093646250815,492.1294758743232,492.1294758743233,492.1294758743232
187,1.0,99.27816046070043,781.3815937979036,20,411.94532450314136,187,20,99.27816046070043,1.0,210500,220.08479724515328,781.3815937979036,220.08479724515328,411.94532450314136,411.94532450314136,411.94532450314136
179,1.0,140.78588565131543,916.5076159932521,21,456.98694091350086,179,21,140.78588565131543,1.0,218179,198.06527295673996,916.5076159932521,198.06527295673996,456.98694091350086,456.98694091350086,456.98694091350086
212,1.0,141.9216678785471,719.7824192374483,22,339.95793565648376,212,22,141.9216678785471,1.0,225980,183.24836887679294,719.7824192374483,183.24836887679294,339.95793565648376,339.95793565648376,339.95793565648376
169,1.0,220.34612861034196,980.9313998013073,23,480.2736896720035,169,23,220.34612861034196,1.0,233804,92.43989384864474,980.9313998013073,92.43989384864474,480.2736896720035,480.2736896720035,480.2736896720035
134,1.0,88.88946801001839,820.4837731877906,24,637.0182907150158,134,24,88.88946801001839,1.0,241502,237.86480020040779,820.4837731877906,237.86480020040779,637.0182907150158,637.0182907150158,637.0182907150158
159,1.0,98.98186086395323,716.1398316336371,25,536.9684132036805,159,25,98.98186086395323,1.0,249289,280.9774436838329,716.1398316336371,280.9774436838329,536.9684132036805,536.9684132036805,536.9684132036805
157,1.0,101.2514589990528,717.4833362311557,26,548.8986849664298,157,26,101.2514589990528,1.0,257453,267.97985453562586,717.4833362311557,267.97985453562586,548.8986849664296,548.8986849664298,548.8986849664296
148,1.0,78.78593904578827,709.3243480541391,27,602.5105384416803,148,27,78.78593904578827,1.0,265304,287.35514264080007,709.3243480541391,287.35514264080007,602.5105384416802,602.5105384416803,602.5105384416802
145,1.0,232.95309549668298,2087.8120187965565,28,600.7977644224135,145,28,232.95309549668298,1.0,274044,277.2027279135355,2087.8120187965565,277.2027279135355,600.7977644224135,600.7977644224135,600.7977644224135
171,1.0,137.25249209659253,1073.3987493241555,29,469.6825140565988,171,29,137.25249209659253,1.0,282333,23.89694043472349,1073.3987493241555,23.89694043472349,469.68251405659885,469.6825140565988,469.68251405659885
142,1.0,230.73825509399788,1367.1020437866769,30,609.567346357564,142,30,230.73825509399788,1.0,290142,35.30239893771709,1367.1020437866769,35.30239893771709,609.567346357564,609.567346357564,609.567346357564
156,1.0,138.03257283521225,944.2644131577862,31,551.1646864716408,156,31,138.03257283521225,1.0,298847,146.97678587961877,944.2644131577862,146.97678587961877,551.1646864716408,551.1646864716408,551.1646864716408
134,1.0,229.18180859296976,1648.3443030202063,32,617.3643827124212,134,32,229.18180859296976,1.0,307003,136.94134700362102,1648.3443030202063,136.94134700362102,617.3643827124212,617.3643827124212,617.3643827124212
110,1.0,540.420600673072,3145.7553687841146,33,811.8441451630508,110,33,540.420600673072,1.0,315803,123.73247610096365,3145.7553687841146,123.73247610096365,811.8441451630507,811.8441451630508,811.8441451630507
129,1.0,231.79419069039128,1315.215483971425,34,667.4267615451045,129,34,231.79419069039128,1.0,323694,187.05368330148733,1315.215483971425,187.05368330148733,667.4267615451046,667.4267615451045,667.4267615451046
106,1.0,294.66586865234353,1335.7582092993625,35,774.9492271278275,106,35,294.66586865234353,1.0,333445,82.6556183599647,1335.7582092993625,82.6556183599647,774.9492271278275,774.9492271278275,774.9492271278275
120,1.0,200.66423745449222,1566.7535439092335,36,707.6301457862729,120,36,200.66423745449222,1.0,341557,331.72717950773074,1566.7535439092335,331.72717950773074,707.630145786273,707.6301457862729,707.630145786273
108,1.0,466.9416039888323,2704.98927448495,37,787.4262069488133,108,37,466.9416039888323,1.0,351113,146.68812403811646,2704.98927448495,146.68812403811646,787.4262069488133,787.4262069488133,787.4262069488133
123,1.0,204.8023097252359,1829.8137602167442,38,710.0578340971696,123,38,204.8023097252359,1.0,361248,364.29436186247955,1829.8137602167442,364.29436186247955,710.0578340971696,710.0578340971696,710.0578340971696
144,1.0,195.5971041720689,1322.5042580920071,39,566.0582114805813,144,39,195.5971041720689,1.0,369864,64.39858346331127,1322.5042580920071,64.39858346331127,566.0582114805813,566.0582114805813,566.0582114805813
152,1.0,186.80729387713964,1222.278211908249,40,506.5862796721757,152,40,186.80729387713964,1.0,378057,251.37900957606064,1222.278211908249,251.37900957606064,506.5862796721757,506.5862796721757,506.5862796721757
165,1.0,230.38106787665527,961.7386163252667,41,459.10391456524746,165,41,230.38106787665527,1.0,385959,77.59709228930406,961.7386163252667,77.59709228930406,459.10391456524746,459.10391456524746,459.10391456524746
164,1.0,137.2863075647798,840.6439525798176,42,474.4973910569714,164,42,137.2863075647798,1.0,394021,324.9660606667458,840.6439525798176,324.9660606667458,474.49739105697137,474.4973910569714,474.49739105697137
135,1.0,115.32878433738865,885.4339142253588,43,637.8367331620029,135,43,115.32878433738865,1.0,401730,331.4376375105472,885.4339142253588,331.4376375105472,637.8367331620029,637.8367331620029,637.8367331620029
139,1.0,124.85024965906263,740.6495289842779,44,605.789777740149,139,44,124.85024965906263,1.0,408933,214.5324139104514,740.6495289842779,214.5324139104514,605.789777740149,605.789777740149,605.789777740149
153,1.0,319.4898391475766,1572.0936721432383,45,519.3992312003398,153,45,319.4898391475766,1.0,417102,106.74400185665868,1572.0936721432383,106.74400185665868,519.3992312003398,519.3992312003398,519.3992312003398
146,1.0,145.75331492416396,1007.6945574319374,46,579.8395147827167,146,46,145.75331492416396,1.0,425124,287.31957793997447,1007.6945574319374,287.31957793997447,579.8395147827167,579.8395147827167,579.8395147827167
131,1.0,157.80970292253588,999.0363669855709,47,656.6442297657364,131,47,157.80970292253588,1.0,433521,116.09407046334329,999.0363669855709,116.09407046334329,656.6442297657364,656.6442297657364,656.6442297657364
139,1.0,199.3313334174781,1037.1959217980034,48,636.6552904014687,139,48,199.3313334174781,1.0,442007,136.05904239635316,1037.1959217980034,136.05904239635316,636.6552904014686,636.6552904014687,636.6552904014686
145,1.0,133.1650526773287,976.4107512502544,49,624.5307948559545,145,49,133.1650526773287,1.0,450213,301.8470559371946,976.4107512502544,301.8470559371946,624.5307948559545,624.5307948559545,624.5307948559545
151,1.0,239.69806622020056,1181.3931073775677,50,603.2313396132554,151,50,239.69806622020056,1.0,458675,56.969765168871106,1181.3931073775677,56.969765168871106,603.2313396132554,603.2313396132554,603.2313396132554
146,1.0,171.09231382608772,1036.0246061020744,51,614.0539815261586,146,51,171.09231382608772,1.0,467190,124.66289021228398,1036.0246061020744,124.66289021228398,614.0539815261586,614.0539815261586,614.0539815261586
147,1.0,180.21516348848945,1249.4832761378784,52,594.4810592647716,147,52,180.21516348848945,1.0,475997,199.41818099479033,1249.4832761378784,199.41818099479033,594.4810592647718,594.4810592647716,594.4810592647718
126,1.0,147.91766295555158,1303.252093959917,53,734.6864206077696,126,53,147.91766295555158,1.0,483760,128.50057900045275,1303.252093959917,128.50057900045275,734.6864206077695,734.6864206077696,734.6864206077695
129,1.0,108.05730575629511,1000.2591776792898,54,672.0129120152501,129,54,108.05730575629511,1.0,492318,401.45584760110506,1000.2591776792898,401.45584760110506,672.0129120152501,672.0129120152501,672.0129120152501
153,1.0,280.5179975686772,1242.1301761871289,55,569.7057625405415,153,55,280.5179975686772,1.0,501290,122.78019446170462,1242.1301761871289,122.78019446170462,569.7057625405415,569.7057625405415,569.7057625405415
126,0.9920634920634921,331.78118681958176,3249.2322272270985,56,752.9459571284391,126,56,331.78118681958176,0.9920634920634921,509869,406.7102140220869,3249.2322272270985,406.7102140220869,752.945957128439,752.9459571284391,752.945957128439
125,0.992,342.34810572478955,3244.286752513008,57,768.0078013951902,125,57,342.34810572478955,0.992,518883,368.9840196510386,3244.286752513008,368.9840196510386,768.0078013951901,768.0078013951902,768.0078013951901
107,1.0,329.4888789100478,2459.1595135476923,58,862.1823209021767,107,58,329.4888789100478,1.0,528592,148.98340122290597,2459.1595135476923,148.98340122290597,862.1823209021769,862.1823209021767,862.1823209021769
117,1.0,315.1659456141624,2251.659616141217,59,822.450030387142,117,59,315.1659456141624,1.0,538091,131.55301896419735,2251.659616141217,131.55301896419735,822.4500303871419,822.450030387142,822.4500303871419
117,0.9914529914529915,480.4207669339151,3145.542090018715,60,819.2627189767873,117,60,480.4207669339151,0.9914529914529915,546803,127.62122755052785,3145.542090018715,127.62122755052785,819.2627189767873,819.2627189767873,819.2627189767873
114,0.956140350877193,625.1674323828541,3208.1889384450224,61,807.5927215745621,114,61,625.1674323828541,0.956140350877193,555776,256.78407286250973,3208.1889384450224,256.78407286250973,807.5927215745619,807.5927215745621,807.5927215745619
115,0.9478260869565217,689.3835905389757,3201.231949626152,62,864.7749381271784,115,62,689.3835905389757,0.9478260869565217,564679,126.74393286292165,3201.231949626152,126.74393286292165,864.7749381271783,864.7749381271784,864.7749381271783
98,0.8775510204081632,873.5739950436614,3153.0183272951026,63,1026.7550356259205,98,63,873.5739950436614,0.8775510204081632,574679,120.61550260070845,3153.0183272951026,120.61550260070845,1026.7550356259205,1026.7550356259205,1026.7550356259205
81,0.7777777777777778,1098.1674159893366,3164.1380705447637,64,1206.505473109685,81,64,1098.1674159893366,0.7777777777777778,584379,130.60859075123457,3164.1380705447637,130.60859075123457,1206.505473109685,1206.505473109685,1206.505473109685
263,1.0,287.5332865402537,1693.765084704193,65,265.4506353670673,263,65,287.5332865402537,1.0,594338,113.28996483096783,1693.765084704193,113.28996483096783,265.45063536706726,265.4506353670673,265.45063536706726
83,0.927710843373494,735.3546146291405,3289.2915945115537,66,1223.7999731893692,83,66,735.3546146291405,0.927710843373494,604487,505.8783735979083,3289.2915945115537,505.8783735979083,1223.7999731893697,1223.7999731893692,1223.7999731893697
107,1.0,300.0845098500106,2092.6288358522534,67,908.5396909982784,107,67,300.0845098500106,1.0,613230,514.9118589105174,2092.6288358522534,514.9118589105174,908.5396909982784,908.5396909982784,908.5396909982784
60,0.7833333333333333,897.9051304441708,3216.6113309752445,68,1667.4024417830803,60,68,897.9051304441708,0.7833333333333333,622200,511.37169116704916,3216.6113309752445,511.37169116704916,1667.4024417830808,1667.4024417830803,1667.4024417830808
45,0.6222222222222222,914.9568341442581,3225.3073600469343,69,2264.94692087231,45,69,914.9568341442581,0.6222222222222222,631180,617.3910502841692,3225.3073600469343,617.3910502841692,2264.94692087231,2264.94692087231,2264.94692087231
85,0.9647058823529412,674.67165705642,3220.645264984282,70,1153.212761186873,85,70,674.67165705642,0.9647058823529412,640717,255.7740305391743,3220.645264984282,255.7740305391743,1153.212761186873,1153.212761186873,1153.212761186873
72,0.9444444444444444,695.4938121084142,3295.894340990205,71,1412.4850784974599,72,71,695.4938121084142,0.9444444444444444,649644,616.7508405701534,3295.894340990205,616.7508405701534,1412.4850784974603,1412.4850784974599,1412.4850784974603
94,0.9893617021276596,584.796074717054,3205.621568874583,72,1004.0869776691128,94,72,584.796074717054,0.9893617021276596,660760,412.436958764482,3205.621568874583,412.436958764482,1004.0869776691128,1004.0869776691128,1004.0869776691128
115,1.0,313.03463955240466,2419.5355888707622,73,851.5479911493701,115,73,313.03463955240466,1.0,670851,437.8046809289958,2419.5355888707622,437.8046809289958,851.5479911493701,851.5479911493701,851.5479911493701
116,0.9913793103448276,325.9651215314701,3373.6581506531134,74,815.871831045611,116,74,325.9651215314701,0.9913793103448276,680697,460.9584809523366,3373.6581506531134,460.9584809523366,815.871831045611,815.871831045611,815.871831045611
129,1.0,230.41372944388516,2226.565678444042,75,701.3383385929685,129,75,230.41372944388516,1.0,691589,391.19377190769455,2226.565678444042,391.19377190769455,701.3383385929685,701.3383385929685,701.3383385929685
129,1.0,96.56953017067751,1182.3753517972746,76,708.1058040290469,129,76,96.56953017067751,1.0,699984,519.1860506745165,1182.3753517972746,519.1860506745165,708.1058040290469,708.1058040290469,708.1058040290469
136,1.0,234.42780418687568,2639.37200024687,77,671.986188133716,136,77,234.42780418687568,1.0,710108,258.2368196193294,2639.37200024687,258.2368196193294,671.986188133716,671.986188133716,671.986188133716
149,1.0,103.76342981363817,919.5164632122007,78,609.2384014185565,149,78,103.76342981363817,1.0,720562,81.7099992380681,919.5164632122007,81.7099992380681,609.2384014185565,609.2384014185565,609.2384014185565
141,1.0,114.5257511822989,1075.3176500830655,79,662.9484339242488,141,79,114.5257511822989,1.0,730892,181.18364154130242,1075.3176500830655,181.18364154130242,662.9484339242488,662.9484339242488,662.9484339242488
137,1.0,144.54507330055768,1100.751133609987,80,684.2558835071499,137,80,144.54507330055768,1.0,740655,333.2381460190808,1100.751133609987,333.2381460190808,684.2558835071499,684.2558835071499,684.2558835071499
171,1.0,127.26594568334042,731.6252691899643,81,508.578529113463,171,81,127.26594568334042,1.0,751419,346.80990237845197,731.6252691899643,346.80990237845197,508.578529113463,508.578529113463,508.578529113463
138,1.0,94.54651274915614,823.6179074856086,82,655.5005858602711,138,82,94.54651274915614,1.0,760371,179.62853473475627,823.6179074856086,179.62853473475627,655.5005858602713,655.5005858602711,655.5005858602713
127,1.0,97.83987624461375,1073.9896628576898,83,745.0161867078903,127,83,97.83987624461375,1.0,769593,454.69961559014286,1073.9896628576898,454.69961559014286,745.0161867078904,745.0161867078903,745.0161867078904
134,1.0,100.64180530441769,1049.5943096156604,84,720.7145733774888,134,84,100.64180530441769,1.0,779099,480.037470784092,1049.5943096156604,480.037470784092,720.7145733774888,720.7145733774888,720.7145733774888
133,1.0,90.78615577112969,1040.8019155289267,85,702.6062764915116,133,85,90.78615577112969,1.0,789433,482.4229370995391,1040.8019155289267,482.4229370995391,702.6062764915117,702.6062764915116,702.6062764915117
135,1.0,110.2154390974415,964.0196123972272,86,713.4242412850767,135,86,110.2154390974415,1.0,799014,453.53381098043104,964.0196123972272,453.53381098043104,713.4242412850767,713.4242412850767,713.4242412850767
130,1.0,118.99939779070442,1069.8034424889133,87,702.9259160953225,130,87,118.99939779070442,1.0,810453,519.5212687248355,1069.8034424889133,519.5212687248355,702.9259160953223,702.9259160953225,702.9259160953223
125,1.0,177.73768628126865,1755.91480239564,88,730.4940252081327,125,88,177.73768628126865,1.0,819497,520.5991228144198,1755.91480239564,520.5991228144198,730.4940252081326,730.4940252081327,730.4940252081326
118,1.0,72.43831245217534,1005.7838826680894,89,806.8288548282919,118,89,72.43831245217534,1.0,828632,661.3243807671688,1005.7838826680894,661.3243807671688,806.8288548282919,806.8288548282919,806.8288548282919
124,1.0,60.751409055913975,1001.5155042867136,90,763.7474554913153,124,90,60.751409055913975,1.0,837113,631.3726447008738,1001.5155042867136,631.3726447008738,763.747455491315,763.7474554913153,763.747455491315
122,1.0,129.5245563472835,1603.9369781917774,91,778.023509799586,122,91,129.5245563472835,1.0,847331,82.49536762320595,1603.9369781917774,82.49536762320595,778.0235097995859,778.023509799586,778.0235097995859
132,1.0,139.26010435347388,1195.6783519739304,92,724.4359623711562,132,92,139.26010435347388,1.0,857984,75.41664405503955,1195.6783519739304,75.41664405503955,724.4359623711562,724.4359623711562,724.4359623711562
128,1.0,84.77768801856628,981.9967581877128,93,715.8862319992911,128,93,84.77768801856628,1.0,866548,530.6722288416148,981.9967581877128,530.6722288416148,715.8862319992909,715.8862319992911,715.8862319992909
139,1.0,158.18950935358254,951.1280083088824,94,677.3603306726413,139,94,158.18950935358254,1.0,875888,35.69896857892959,951.1280083088824,35.69896857892959,677.3603306726413,677.3603306726413,677.3603306726413
130,1.0,128.07713583284936,1093.5192140828403,95,725.0140082110561,130,95,128.07713583284936,1.0,886130,85.21481385728124,1093.5192140828403,85.21481385728124,725.0140082110562,725.0140082110561,725.0140082110562
130,1.0,133.82754993709412,1335.7345575133363,96,719.7465541292265,130,96,133.82754993709412,1.0,896767,362.63149321279224,1335.7345575133363,362.63149321279224,719.7465541292264,719.7465541292265,719.7465541292264
122,1.0,148.21196588938668,1679.3589793791755,97,802.5093215068232,122,97,148.21196588938668,1.0,907633,572.3823295276902,1679.3589793791755,572.3823295276902,802.5093215068232,802.5093215068232,802.5093215068232
122,1.0,114.19842253794582,1193.9455258655482,98,768.7051288192416,122,98,114.19842253794582,1.0,917042,498.13022287234594,1193.9455258655482,498.13022287234594,768.7051288192416,768.7051288192416,768.7051288192416
131,1.0,114.61874360867934,1076.7518013535544,99,707.6915709930596,131,99,114.61874360867934,1.0,927252,70.914233996662,1076.7518013535544,70.914233996662,707.6915709930596,707.6915709930596,707.6915709930596
127,1.0,171.78730961353668,1347.5599786777093,100,741.314876225599,127,100,171.78730961353668,1.0,937213,125.75573331988299,1347.5599786777093,125.75573331988299,741.3148762255989,741.314876225599,741.3148762255989
122,1.0,140.40407127636243,1298.6712424196376,101,793.8218169178595,122,101,140.40407127636243,1.0,946771,504.63467504072344,1298.6712424196376,504.63467504072344,793.8218169178595,793.8218169178595,793.8218169178595
123,1.0,119.6248568389599,1184.1427747503594,102,767.088541765682,123,102,119.6248568389599,1.0,955809,131.84989728381194,1184.1427747503594,131.84989728381194,767.088541765682,767.088541765682,767.088541765682
132,1.0,115.88303865993369,1204.102190551069,103,719.5571766252112,132,103,115.88303865993369,1.0,964435,83.93548692724708,1204.102190551069,83.93548692724708,719.5571766252112,719.5571766252112,719.5571766252112
126,1.0,150.20951366347788,1214.7104478061171,104,752.838441451132,126,104,150.20951366347788,1.0,973049,61.20548666366437,1214.7104478061171,61.20548666366437,752.8384414511318,752.838441451132,752.8384414511318
126,1.0,159.79508958141022,1253.7964697474833,105,753.7127686205586,126,105,159.79508958141022,1.0,982743,52.95855590597144,1253.7964697474833,52.95855590597144,753.7127686205587,753.7127686205586,753.7127686205587
136,1.0,164.59569339792208,1010.4197534971545,106,668.8071033230481,136,106,164.59569339792208,1.0,991799,75.72571342675508,1010.4197534971545,75.72571342675508,668.8071033230481,668.8071033230481,668.8071033230481
125,1.0,150.0755812452939,1196.9138797280857,107,743.3116464145634,125,107,150.0755812452939,1.0,1001694,81.94929547893142,1196.9138797280857,81.94929547893142,743.3116464145633,743.3116464145634,743.3116464145633
125,1.0,116.59490933241187,1028.8522812852111,108,758.2494958878307,125,108,116.59490933241187,1.0,1010145,91.44033866587455,1028.8522812852111,91.44033866587455,758.2494958878307,758.2494958878307,758.2494958878307
123,1.0,140.7696168440954,1121.0798122623175,109,750.8450185765156,123,109,140.7696168440954,1.0,1019245,93.6641845505988,1121.0798122623175,93.6641845505988,750.8450185765156,750.8450185765156,750.8450185765156
115,1.0,132.71638930573556,1272.0248876806706,110,813.1947977586859,115,110,132.71638930573556,1.0,1028309,77.5069244782896,1272.0248876806706,77.5069244782896,813.194797758686,813.1947977586859,813.194797758686
119,1.0,128.20409356205002,1414.8682093407526,111,793.8510387600833,119,111,128.20409356205002,1.0,1037129,542.8935338233589,1414.8682093407526,542.8935338233589,793.8510387600833,793.8510387600833,793.8510387600833
122,1.0,140.61554152404398,1215.2482130016892,112,762.6135038404512,122,112,140.61554152404398,1.0,1045866,396.13807671336207,1215.2482130016892,396.13807671336207,762.6135038404511,762.6135038404512,762.6135038404511
123,1.0,124.90962112723794,1254.5893827987718,113,750.3991580361525,123,113,124.90962112723794,1.0,1054106,315.7077861238273,1254.5893827987718,315.7077861238273,750.3991580361524,750.3991580361525,750.3991580361524
122,1.0,115.6808815863775,1077.3582609115772,114,762.5821512698403,122,114,115.6808815863775,1.0,1063405,565.1744574281114,1077.3582609115772,565.1744574281114,762.5821512698404,762.5821512698403,762.5821512698404
129,1.0,118.17847695968831,1270.659938822694,115,686.8914249595929,129,115,118.17847695968831,1.0,1072557,287.5288903080597,1270.659938822694,287.5288903080597,686.891424959593,686.8914249595929,686.891424959593
129,1.0,217.08687194283368,1612.1109732810298,116,732.1923010396514,129,116,217.08687194283368,1.0,1082232,57.92359429482719,1612.1109732810298,57.92359429482719,732.1923010396514,732.1923010396514,732.1923010396514
124,1.0,112.08118581626952,1079.8401825237115,117,730.1902619806625,124,117,112.08118581626952,1.0,1090159,453.7958078364161,1079.8401825237115,453.7958078364161,730.1902619806625,730.1902619806625,730.1902619806625
123,1.0,177.81569537264724,1912.4495243281558,118,769.0584782460063,123,118,177.81569537264724,1.0,1100271,319.88150458993033,1912.4495243281558,319.88150458993033,769.0584782460063,769.0584782460063,769.0584782460063
114,1.0,141.80406490630412,1432.9623784070952,119,839.7118976099891,114,119,141.80406490630412,1.0,1109362,561.4863189319204,1432.9623784070952,561.4863189319204,839.711897609989,839.7118976099891,839.711897609989
138,1.0,232.78905689704266,1236.799986813958,120,633.8528296971532,138,120,232.78905689704266,1.0,1118016,119.7610406275387,1236.799986813958,119.7610406275387,633.8528296971532,633.8528296971532,633.8528296971532
127,1.0,141.6891400469739,1108.2867751610906,121,724.5804268089308,127,121,141.6891400469739,1.0,1126405,501.06109840011385,1108.2867751610906,501.06109840011385,724.5804268089308,724.5804268089308,724.5804268089308
118,1.0,111.96742242636734,1190.70657995511,122,831.0903906975462,118,122,111.96742242636734,1.0,1134433,544.7233331467073,1190.70657995511,544.7233331467073,831.0903906975462,831.0903906975462,831.0903906975462
120,1.0,112.09558079052294,1072.441748187625,123,808.6805184699726,120,123,112.09558079052294,1.0,1143500,550.7937697847473,1072.441748187625,550.7937697847473,808.6805184699726,808.6805184699726,808.6805184699726
110,1.0,153.7927538004899,1728.8130115704273,124,860.4022548194424,110,124,153.7927538004899,1.0,1152463,606.1331838677881,1728.8130115704273,606.1331838677881,860.4022548194424,860.4022548194424,860.4022548194424
123,1.0,96.15692212428459,1173.5204601949538,125,768.9841134501559,123,125,96.15692212428459,1.0,1160598,476.30430105841515,1173.5204601949538,476.30430105841515,768.9841134501557,768.9841134501559,768.9841134501557
123,1.0,94.25849315017891,1028.9458631329915,126,786.3554114944365,123,126,94.25849315017891,1.0,1170643,574.7886888712941,1028.9458631329915,574.7886888712941,786.3554114944365,786.3554114944365,786.3554114944365
119,1.0,121.15466665691342,1171.0749978535919,127,800.6072590067744,119,127,121.15466665691342,1.0,1180333,551.9378885276791,1171.0749978535919,551.9378885276791,800.6072590067745,800.6072590067744,800.6072590067745
124,1.0,76.31763517160059,1005.5867957096647,128,776.8339588943039,124,128,76.31763517160059,1.0,1189578,635.4407712909571,1005.5867957096647,635.4407712909571,776.8339588943039,776.8339588943039,776.8339588943039
125,1.0,88.57578636062439,1042.639969751514,129,751.8960540035021,125,129,88.57578636062439,1.0,1200302,533.8538758395371,1042.639969751514,533.8538758395371,751.8960540035021,751.8960540035021,751.8960540035021
121,1.0,103.66254004806787,1018.483063923578,130,760.2757499732381,121,130,103.66254004806787,1.0,1209063,470.1570209863842,1018.483063923578,470.1570209863842,760.2757499732381,760.2757499732381,760.2757499732381
117,1.0,123.69809813297462,1257.0422347256833,131,826.9587338669654,117,131,123.69809813297462,1.0,1217969,537.4505558258461,1257.0422347256833,537.4505558258461,826.9587338669654,826.9587338669654,826.9587338669654
118,1.0,108.68319881554783,1227.5746648559314,132,810.4206187399597,118,132,108.68319881554783,1.0,1227024,562.208746673978,1227.5746648559314,562.208746673978,810.4206187399595,810.4206187399597,810.4206187399595
111,1.0,180.21002627723533,1638.7250645688132,133,860.185761457575,111,133,180.21002627723533,1.0,1236389,591.3175601346203,1638.7250645688132,591.3175601346203,860.1857614575752,860.185761457575,860.1857614575752
122,1.0,127.38943597096946,1280.464488329387,134,802.7903945783635,122,134,127.38943597096946,1.0,1245827,473.5250972488236,1280.464488329387,473.5250972488236,802.7903945783635,802.7903945783635,802.7903945783635
115,1.0,123.08681627811947,1305.7369964645102,135,832.7109482828615,115,135,123.08681627811947,1.0,1254681,607.9790004075135,1305.7369964645102,607.9790004075135,832.7109482828615,832.7109482828615,832.7109482828615
119,1.0,133.88398947234467,1575.0797397813924,136,839.2175039233404,119,136,133.88398947234467,1.0,1265101,576.091629587434,1575.0797397813924,576.091629587434,839.2175039233404,839.2175039233404,839.2175039233404
119,1.0,140.55917839231552,1578.76195124123,137,811.3722780796543,119,137,140.55917839231552,1.0,1273589,540.9788581071396,1578.76195124123,540.9788581071396,811.3722780796543,811.3722780796543,811.3722780796543
123,1.0,157.7574163642811,1746.9760442858405,138,768.7439510773812,123,138,157.7574163642811,1.0,1284362,452.38839441978047,1746.9760442858405,452.38839441978047,768.7439510773812,768.7439510773812,768.7439510773812
126,1.0,107.01534072254275,1097.542191363854,139,758.7757321523559,126,139,107.01534072254275,1.0,1293329,502.5268443117737,1097.542191363854,502.5268443117737,758.7757321523559,758.7757321523559,758.7757321523559
116,1.0,150.55824478524892,1439.6884387568912,140,828.4840291095993,116,140,150.55824478524892,1.0,1303419,588.9260379294423,1439.6884387568912,588.9260379294423,828.4840291095994,828.4840291095993,828.4840291095994
113,1.0,191.08901118426718,1503.8841216281828,141,858.272066227575,113,141,191.08901118426718,1.0,1311595,460.31312928169046,1503.8841216281828,460.31312928169046,858.2720662275749,858.272066227575,858.2720662275749
118,1.0,187.58512885098213,2258.9508761528646,142,853.8022016363436,118,142,187.58512885098213,1.0,1320673,595.1610362999362,2258.9508761528646,595.1610362999362,853.8022016363437,853.8022016363436,853.8022016363437
117,1.0,127.4315256623619,1559.9189685383583,143,844.472937998994,117,143,127.4315256623619,1.0,1330464,646.8137543812121,1559.9189685383583,646.8137543812121,844.4729379989939,844.472937998994,844.4729379989939
104,1.0,219.86866036992672,2004.3090280187848,144,928.8476504828614,104,144,219.86866036992672,1.0,1339468,599.5976370530392,2004.3090280187848,599.5976370530392,928.8476504828615,928.8476504828614,928.8476504828615
115,1.0,159.13472520829507,1470.086409907933,145,846.0722871492311,115,145,159.13472520829507,1.0,1348399,591.4100382497855,1470.086409907933,591.4100382497855,846.0722871492311,846.0722871492311,846.0722871492311
108,1.0,243.90681754015637,2287.23994764978,146,937.8672059374336,108,146,243.90681754015637,1.0,1358020,602.818382600107,2287.23994764978,602.818382600107,937.8672059374336,937.8672059374336,937.8672059374336
120,1.0,130.36423729411283,1335.0773031077542,147,841.8127863493851,120,147,130.36423729411283,1.0,1369212,460.34880295384175,1335.0773031077542,460.34880295384175,841.812786349385,841.8127863493851,841.812786349385
98,1.0,311.1289708619003,2755.22977219724,148,1004.7613158199521,98,148,311.1289708619003,1.0,1379288,622.5635991138234,2755.22977219724,622.5635991138234,1004.7613158199523,1004.7613158199521,1004.7613158199523
110,1.0,198.0208431947484,1682.8086382168342,149,923.6935316497668,110,149,198.0208431947484,1.0,1390094,581.3812188906339,1682.8086382168342,581.3812188906339,923.6935316497667,923.6935316497668,923.6935316497667
89,1.0,313.17819999854083,2427.571681552647,150,1130.6122106301507,89,150,313.17819999854083,1.0,1399669,673.8012377413935,2427.571681552647,673.8012377413935,1130.612210630151,1130.6122106301507,1130.612210630151
115,1.0,140.81157252771192,1782.8630881957633,151,873.7105796182606,115,151,140.81157252771192,1.0,1409610,613.6291895291771,1782.8630881957633,613.6291895291771,873.7105796182606,873.7105796182606,873.7105796182606
114,1.0,150.91614503207444,1314.3718972016181,152,853.2802381610154,114,152,150.91614503207444,1.0,1418775,585.0309985292967,1314.3718972016181,585.0309985292967,853.2802381610156,853.2802381610154,853.2802381610156
112,1.0,185.891980199075,1746.5295570364426,153,890.3284378947317,112,153,185.891980199075,1.0,1427922,625.6667220159381,1746.5295570364426,625.6667220159381,890.3284378947313,890.3284378947317,890.3284378947313
118,1.0,137.1155276739908,1322.4434064935574,154,819.1980640168066,118,154,137.1155276739908,1.0,1438155,601.7444561657499,1322.4434064935574,601.7444561657499,819.1980640168066,819.1980640168066,819.1980640168066
106,1.0,272.6641561039308,2428.1801877574558,155,949.3047600632393,106,155,272.6641561039308,1.0,1447771,617.0149303227248,2428.1801877574558,617.0149303227248,949.3047600632393,949.3047600632393,949.3047600632393
109,1.0,242.20837798528498,1968.8678775116678,156,940.3162147783902,109,156,242.20837798528498,1.0,1457295,622.4614223566889,1968.8678775116678,622.4614223566889,940.3162147783901,940.3162147783902,940.3162147783901
126,1.0,108.40142254017512,1187.3605047101873,157,754.4880889133035,126,157,108.40142254017512,1.0,1466950,320.1636775573422,1187.3605047101873,320.1636775573422,754.4880889133035,754.4880889133035,754.4880889133035
118,1.0,199.9320885316961,2039.1844105178398,158,853.0873100463783,118,158,199.9320885316961,1.0,1475559,493.0912775762925,2039.1844105178398,493.0912775762925,853.0873100463784,853.0873100463783,853.0873100463784
117,1.0,140.55749572678008,1503.5021138554853,159,851.2590511468043,117,159,140.55749572678008,1.0,1485992,524.8651860379366,1503.5021138554853,524.8651860379366,851.2590511468044,851.2590511468043,851.2590511468044
118,1.0,188.98651376487572,1574.1977386242786,160,842.9434296330227,118,160,188.98651376487572,1.0,1494145,446.6923657772454,1574.1977386242786,446.6923657772454,842.9434296330227,842.9434296330227,842.9434296330227
113,1.0,151.3360577569018,1316.0935855656771,161,873.4597217994127,113,161,151.3360577569018,1.0,1504160,570.1687542492143,1316.0935855656771,570.1687542492143,873.4597217994127,873.4597217994127,873.4597217994127
113,1.0,239.895905060858,1984.6708725253416,162,853.3843731271238,113,162,239.895905060858,1.0,1512523,493.41760186572907,1984.6708725253416,493.41760186572907,853.3843731271239,853.3843731271238,853.3843731271239
124,1.0,175.7151126470875,1392.1687923360266,163,770.5175292120755,124,163,175.7151126470875,1.0,1522076,321.55089278043374,1392.1687923360266,321.55089278043374,770.5175292120755,770.5175292120755,770.5175292120755
110,1.0,300.4931874592745,2374.713019055892,164,884.9072433286635,110,164,300.4931874592745,1.0,1531647,265.2925799785018,2374.713019055892,265.2925799785018,884.9072433286635,884.9072433286635,884.9072433286635
115,1.0,237.7925446937563,1829.7711168270353,165,870.1818921897384,115,165,237.7925446937563,1.0,1540513,339.41938049195033,1829.7711168270353,339.41938049195033,870.1818921897384,870.1818921897384,870.1818921897384
117,1.0,290.0967312801773,2680.6979356600027,166,867.3854445205224,117,166,290.0967312801773,1.0,1550418,533.0057658881393,2680.6979356600027,533.0057658881393,867.3854445205225,867.3854445205224,867.3854445205225
118,0.9915254237288136,367.40257832581153,3305.6096604896334,167,862.8474985296248,118,167,367.40257832581153,0.9915254237288136,1561194,543.1871400365966,3305.6096604896334,543.1871400365966,862.8474985296248,862.8474985296248,862.8474985296248
97,1.0,330.23970741704744,2015.173132745701,168,1034.5913035391388,97,168,330.23970741704744,1.0,1571440,585.712900786381,2015.173132745701,585.712900786381,1034.5913035391388,1034.5913035391388,1034.5913035391388
115,1.0,264.32714941591865,2346.643004092829,169,855.1696178003481,115,169,264.32714941591865,1.0,1580841,433.1365746524119,2346.643004092829,433.1365746524119,855.169617800348,855.1696178003481,855.169617800348
127,1.0,196.36564647932278,1588.9348314046085,170,787.2330259327148,127,170,196.36564647932278,1.0,1590459,291.90589370571996,1588.9348314046085,291.90589370571996,787.2330259327147,787.2330259327148,787.2330259327147
88,0.9886363636363636,456.3444442549846,3203.819409381139,171,1131.6154487621404,88,171,456.3444442549846,0.9886363636363636,1600608,474.64256461753604,3203.819409381139,474.64256461753604,1131.6154487621404,1131.6154487621404,1131.6154487621404
126,1.0,138.50906911854037,1346.9538543939627,172,775.407892133747,126,172,138.50906911854037,1.0,1611390,577.6505052064016,1346.9538543939627,577.6505052064016,775.407892133747,775.407892133747,775.407892133747
100,1.0,380.2060573585194,2973.666445547968,173,1033.8702056806571,100,173,380.2060573585194,1.0,1620363,566.8957709730785,2973.666445547968,566.8957709730785,1033.8702056806571,1033.8702056806571,1033.8702056806571
109,1.0,307.35202438888115,2288.650123315348,174,924.8763393534058,109,174,307.35202438888115,1.0,1629200,104.36871149680086,2288.650123315348,104.36871149680086,924.8763393534059,924.8763393534058,924.8763393534059
93,0.946236559139785,698.5724992823133,3444.3000988514123,175,1177.2109258409832,93,175,698.5724992823133,0.946236559139785,1638712,466.7402060173165,3444.3000988514123,466.7402060173165,1177.2109258409832,1177.2109258409832,1177.2109258409832
104,1.0,310.1893579349078,2454.1992201059647,176,1001.8159423781398,104,176,310.1893579349078,1.0,1647062,468.2883671135646,2454.1992201059647,468.2883671135646,1001.8159423781399,1001.8159423781398,1001.8159423781399
112,1.0,232.05579382596443,2116.379965832919,177,856.1622440719678,112,177,232.05579382596443,1.0,1655322,528.5082599209711,2116.379965832919,528.5082599209711,856.1622440719678,856.1622440719678,856.1622440719678
116,1.0,201.91417317257643,1675.0266019563912,178,840.1098880787999,116,178,201.91417317257643,1.0,1663122,55.4153165140542,1675.0266019563912,55.4153165140542,840.1098880787999,840.1098880787999,840.1098880787999
112,1.0,190.79908486847697,2104.8829601121174,179,863.5085989654541,112,179,190.79908486847697,1.0,1671098,633.1055448681805,2104.8829601121174,633.1055448681805,863.5085989654542,863.5085989654541,863.5085989654542
111,1.0,200.61250298458833,1768.8990501442938,180,892.7550862644124,111,180,200.61250298458833,1.0,1679563,492.41951224096476,1768.8990501442938,492.41951224096476,892.7550862644124,892.7550862644124,892.7550862644124
113,1.0,164.1142570424149,1677.4853680483227,181,904.4624201989279,113,181,164.1142570424149,1.0,1688344,539.2873154145818,1677.4853680483227,539.2873154145818,904.4624201989283,904.4624201989279,904.4624201989283
115,1.0,215.07250645172252,2016.6042758880021,182,872.1599965204656,115,182,215.07250645172252,1.0,1696490,570.8616599703274,2016.6042758880021,570.8616599703274,872.1599965204657,872.1599965204656,872.1599965204657
112,1.0,251.80537507593496,2315.8416828981144,183,886.4896367211066,112,183,251.80537507593496,1.0,1705712,519.7253529262581,2315.8416828981144,519.7253529262581,886.4896367211066,886.4896367211066,886.4896367211066
111,1.0,241.29492516292837,1857.7893262645382,184,884.3203842391882,111,184,241.29492516292837,1.0,1714156,566.560033587385,1857.7893262645382,566.560033587385,884.3203842391882,884.3203842391882,884.3203842391882
121,1.0,115.65461110375513,1083.7536100474686,185,807.3355403766776,121,185,115.65461110375513,1.0,1724601,535.9461964817683,1083.7536100474686,535.9461964817683,807.3355403766776,807.3355403766776,807.3355403766776
119,1.0,212.96490579460522,2323.24170306905,186,825.1143633234793,119,186,212.96490579460522,1.0,1734446,489.9090628717933,2323.24170306905,489.9090628717933,825.1143633234791,825.1143633234793,825.1143633234791
118,1.0,137.7216302974802,1231.5693401645597,187,816.51053136054,118,187,137.7216302974802,1.0,1743486,504.714656701298,1231.5693401645597,504.714656701298,816.5105313605399,816.51053136054,816.5105313605399
121,1.0,245.12456733049316,2223.567232933065,188,859.7947895007059,121,188,245.12456733049316,1.0,1753049,488.87443458080253,2223.567232933065,488.87443458080253,859.7947895007059,859.7947895007059,859.7947895007059
126,1.0,107.75738411927755,1064.6220525271951,189,809.3478893634352,126,189,107.75738411927755,1.0,1762949,616.203325403336,1064.6220525271951,616.203325403336,809.3478893634352,809.3478893634352,809.3478893634352
109,1.0,203.4412582179184,2368.554263970927,190,911.5637322157739,109,190,203.4412582179184,1.0,1771472,669.1105150544157,2368.554263970927,669.1105150544157,911.5637322157739,911.5637322157739,911.5637322157739
112,1.0,164.8056549802973,1561.8528638089495,191,892.063791829403,112,191,164.8056549802973,1.0,1779849,644.8621206612692,1561.8528638089495,644.8621206612692,892.063791829403,892.063791829403,892.063791829403
116,1.0,327.79276559214736,3031.9264028381904,192,861.6036235790293,116,192,327.79276559214736,1.0,1789859,461.4711293255803,3031.9264028381904,461.4711293255803,861.6036235790292,861.6036235790293,861.6036235790292
123,1.0,196.82675041734592,2226.3513359891117,193,798.4887695375619,123,193,196.82675041734592,1.0,1799479,507.69119912942915,2226.3513359891117,507.69119912942915,798.488769537562,798.4887695375619,798.488769537562
123,1.0,235.11416390446382,2703.458349211727,194,811.3312825349338,123,194,235.11416390446382,1.0,1808807,105.10158533567984,2703.458349211727,105.10158533567984,811.3312825349338,811.3312825349338,811.3312825349338
120,1.0,194.552438682685,1973.3364795841971,195,854.1974628556601,120,195,194.552438682685,1.0,1819248,569.07645149609,1973.3364795841971,569.07645149609,854.19746285566,854.1974628556601,854.19746285566
129,1.0,208.83666855921086,2317.369165780671,196,755.3686511503983,129,196,208.83666855921086,1.0,1829447,458.2831150101615,2317.369165780671,458.2831150101615,755.3686511503983,755.3686511503983,755.3686511503983
123,1.0,177.44420441457413,2143.629501373184,197,810.7478847165396,123,197,177.44420441457413,1.0,1838291,479.6377658826306,2143.629501373184,479.6377658826306,810.7478847165396,810.7478847165396,810.7478847165396
105,1.0,370.5525179900665,3141.967587242978,198,1002.6902347047901,105,198,370.5525179900665,1.0,1847928,583.9200185577715,3141.967587242978,583.9200185577715,1002.6902347047901,1002.6902347047901,1002.6902347047901
120,1.0,268.49490287573735,3068.6953449053317,199,835.9630580565789,120,199,268.49490287573735,1.0,1858385,569.4148131982237,3068.6953449053317,569.4148131982237,835.963058056579,835.9630580565789,835.963058056579
99,0.98989898989899,483.7465691924857,3354.5023739985577,200,1049.7212913612627,99,200,483.7465691924857,0.98989898989899,1867388,660.0651847167323,3354.5023739985577,660.0651847167323,1049.7212913612625,1049.7212913612627,1049.7212913612625
115,1.0,222.1919699138466,1911.4452546104155,201,864.4292644291143,115,201,222.1919699138466,1.0,1876365,518.9210738278907,1911.4452546104155,518.9210738278907,864.4292644291143,864.4292644291143,864.4292644291143
118,1.0,151.68122989735124,1276.3438872493894,202,840.4453224078906,118,202,151.68122989735124,1.0,1885424,562.8659478680967,1276.3438872493894,562.8659478680967,840.4453224078906,840.4453224078906,840.4453224078906
125,1.0,131.3261930482534,1176.4245197448472,203,797.3764281654442,125,203,131.3261930482534,1.0,1894638,516.6992240294705,1176.4245197448472,516.6992240294705,797.3764281654442,797.3764281654442,797.3764281654442
110,1.0,164.6565844276149,1605.901804708265,204,937.630815885312,110,204,164.6565844276149,1.0,1903560,643.6247581457161,1605.901804708265,643.6247581457161,937.6308158853119,937.630815885312,937.6308158853119
118,1.0,198.39189636843392,2539.9742434913896,205,836.956324534064,118,205,198.39189636843392,1.0,1912338,596.8143413257965,2539.9742434913896,596.8143413257965,836.9563245340638,836.956324534064,836.9563245340638
114,1.0,150.23370793396657,1284.2534580115098,206,854.475410410556,114,206,150.23370793396657,1.0,1922207,590.8938664210888,1284.2534580115098,590.8938664210888,854.475410410556,854.475410410556,854.475410410556
106,1.0,391.86780240073466,3091.300965706594,207,942.2204073676464,106,207,391.86780240073466,1.0,1931153,566.0949976962607,3091.300965706594,566.0949976962607,942.2204073676462,942.2204073676464,942.2204073676462
106,1.0,256.0738144594678,2473.7038528058165,208,955.192095470067,106,208,256.0738144594678,1.0,1939377,600.29665488446,2473.7038528058165,600.29665488446,955.192095470067,955.192095470067,955.192095470067
113,1.0,212.28844966108903,1892.7751982169789,209,832.6802661572959,113,209,212.28844966108903,1.0,1948014,590.4957858384346,1892.7751982169789,590.4957858384346,832.6802661572959,832.6802661572959,832.6802661572959
110,1.0,171.44117427124303,1449.1367758061917,210,897.8806146206636,110,210,171.44117427124303,1.0,1957038,613.5183215530577,1449.1367758061917,613.5183215530577,897.8806146206637,897.8806146206636,897.8806146206637
113,1.0,253.30838130359444,2405.756419853312,211,872.6663734967892,113,211,253.30838130359444,1.0,1965625,550.9658048855274,2405.756419853312,550.9658048855274,872.6663734967892,872.6663734967892,872.6663734967892
118,1.0,164.58723303110057,1360.81758356222,212,837.1487220969914,118,212,164.58723303110057,1.0,1974662,404.7836704551607,1360.81758356222,404.7836704551607,837.1487220969914,837.1487220969914,837.1487220969914
131,1.0,135.78007778341922,1287.5826269858176,213,729.4221743042168,131,213,135.78007778341922,1.0,1983884,571.9766411704688,1287.5826269858176,571.9766411704688,729.4221743042168,729.4221743042168,729.4221743042168
117,1.0,216.88126444689536,1963.334846190835,214,853.501938764636,117,214,216.88126444689536,1.0,1992022,594.1544160274317,1963.334846190835,594.1544160274317,853.501938764636,853.501938764636,853.501938764636
115,1.0,204.43957185731654,1931.1428445469585,215,872.4785626719678,115,215,204.43957185731654,1.0,2000835,558.5489156148019,1931.1428445469585,558.5489156148019,872.4785626719678,872.4785626719678,872.4785626719678
121,1.0,166.65744734819495,1347.7844631784985,216,812.2668231453931,121,216,166.65744734819495,1.0,2009892,569.5732156424439,1347.7844631784985,569.5732156424439,812.2668231453931,812.2668231453931,812.2668231453931
131,1.0,130.20833065091188,1041.3374426194962,217,766.6272498267998,131,217,130.20833065091188,1.0,2018770,90.32663967000819,1041.3374426194962,90.32663967000819,766.6272498267997,766.6272498267998,766.6272498267997
127,1.0,190.89444359419758,1146.7624464481603,218,739.2859975935169,127,218,190.89444359419758,1.0,2027531,252.41628034142292,1146.7624464481603,252.41628034142292,739.2859975935168,739.2859975935169,739.2859975935168
121,1.0,175.0017696183699,1562.5260610416374,219,794.2301861702201,121,219,175.0017696183699,1.0,2037300,28.288800977935104,1562.5260610416374,28.288800977935104,794.2301861702202,794.2301861702201,794.2301861702202
113,1.0,232.23352265520361,2534.327264005626,220,876.836735917992,113,220,232.23352265520361,1.0,2047034,587.7293620006716,2534.327264005626,587.7293620006716,876.836735917992,876.836735917992,876.836735917992
118,1.0,157.89384514693646,1324.6541634787297,221,800.4020620819994,118,221,157.89384514693646,1.0,2055589,596.031434814037,1324.6541634787297,596.031434814037,800.4020620819992,800.4020620819994,800.4020620819992
122,1.0,130.9086543310172,1159.4730937926058,222,814.096354187166,122,222,130.9086543310172,1.0,2065292,572.9097467207555,1159.4730937926058,572.9097467207555,814.096354187166,814.096354187166,814.096354187166
121,1.0,128.01862622103218,1306.7323323581581,223,830.4996582121298,121,223,128.01862622103218,1.0,2075229,581.9236351497576,1306.7323323581581,581.9236351497576,830.4996582121298,830.4996582121298,830.4996582121298
122,1.0,159.55705462242946,1275.2864495603285,224,819.1900491147485,122,224,159.55705462242946,1.0,2085878,528.7777776448165,1275.2864495603285,528.7777776448165,819.1900491147486,819.1900491147485,819.1900491147486
109,1.0,239.13791910799296,1993.2874582654595,225,915.5535341966494,109,225,239.13791910799296,1.0,2095065,280.55504154448687,1993.2874582654595,280.55504154448687,915.5535341966494,915.5535341966494,915.5535341966494
111,1.0,186.69839455670743,1819.0242200917173,226,919.5034072263472,111,226,186.69839455670743,1.0,2104953,602.1696832183353,1819.0242200917173,602.1696832183353,919.5034072263473,919.5034072263472,919.5034072263473
117,1.0,170.84246071870876,1547.6540350750768,227,833.9572256518019,117,227,170.84246071870876,1.0,2113202,567.324729638312,1547.6540350750768,567.324729638312,833.9572256518019,833.9572256518019,833.9572256518019
111,1.0,178.6941094643857,1314.3494373375459,228,894.5282058196606,111,228,178.6941094643857,1.0,2122610,564.9816371286546,1314.3494373375459,564.9816371286546,894.5282058196606,894.5282058196606,894.5282058196606
123,1.0,205.00639714564974,1327.7062367171848,229,779.3556839864235,123,229,205.00639714564974,1.0,2131747,282.094110270559,1327.7062367171848,282.094110270559,779.3556839864236,779.3556839864235,779.3556839864236
109,1.0,259.9785913083279,2019.2842996836466,230,926.5119627613507,109,230,259.9785913083279,1.0,2141491,557.2610064883224,2019.2842996836466,557.2610064883224,926.5119627613509,926.5119627613507,926.5119627613509
117,1.0,263.0314198394185,1954.2567179809328,231,845.1810888519212,117,231,263.0314198394185,1.0,2150075,288.9386647821663,1954.2567179809328,288.9386647821663,845.1810888519211,845.1810888519212,845.1810888519211
113,1.0,244.4474171054408,2270.206751790004,232,851.2696782978691,113,232,244.4474171054408,1.0,2158798,579.9886377108194,2270.206751790004,579.9886377108194,851.2696782978691,851.2696782978691,851.2696782978691
114,1.0,161.13532455690543,1629.3824160993274,233,890.5141940459868,114,233,161.13532455690543,1.0,2169371,603.1669999380553,1629.3824160993274,603.1669999380553,890.5141940459868,890.5141940459868,890.5141940459868
119,1.0,237.2489192627916,2517.8555167646,234,792.945555110156,119,234,237.2489192627916,1.0,2178206,553.7641584668702,2517.8555167646,553.7641584668702,792.9455551101555,792.945555110156,792.9455551101555
109,1.0,217.36360020041937,2153.038472931164,235,919.6235380914884,109,235,217.36360020041937,1.0,2186954,81.28056437056696,2153.038472931164,81.28056437056696,919.6235380914883,919.6235380914884,919.6235380914883
92,0.9891304347826086,444.7408535366034,3331.5308726702065,236,1172.020703037885,92,236,444.7408535366034,0.9891304347826086,2195385,563.4536450459567,3331.5308726702065,563.4536450459567,1172.020703037885,1172.020703037885,1172.020703037885
109,1.0,237.03651518144358,2125.4532483846415,237,943.1987793017709,109,237,237.03651518144358,1.0,2205406,611.1950885477894,2125.4532483846415,611.1950885477894,943.1987793017706,943.1987793017709,943.1987793017706
107,1.0,244.527572366412,1954.3682655436949,238,995.1904418503815,107,238,244.527572366412,1.0,2215288,608.8744442888125,1954.3682655436949,608.8744442888125,995.1904418503815,995.1904418503815,995.1904418503815
102,0.9901960784313726,429.2310189901185,3660.0798842831023,239,1026.8287271673223,102,239,429.2310189901185,0.9901960784313726,2224381,573.4336715368437,3660.0798842831023,573.4336715368437,1026.8287271673223,1026.8287271673223,1026.8287271673223
110,1.0,173.63401259312207,1532.0546515284757,240,932.8950715777114,110,240,173.63401259312207,1.0,2233790,656.0663409270504,1532.0546515284757,656.0663409270504,932.8950715777112,932.8950715777114,932.8950715777112
114,1.0,268.7477302020221,2426.679152707117,241,866.8754209378441,114,241,268.7477302020221,1.0,2242272,290.3160891097926,2426.679152707117,290.3160891097926,866.875420937844,866.8754209378441,866.875420937844
98,1.0,347.6140379046118,2193.795033379719,242,1036.2051340183298,98,242,347.6140379046118,1.0,2251106,35.208913653284526,2193.795033379719,35.208913653284526,1036.2051340183298,1036.2051340183298,1036.2051340183298
100,1.0,318.15639915398293,2083.6380686229463,243,1022.9913210622498,100,243,318.15639915398293,1.0,2260230,511.57167887241195,2083.6380686229463,511.57167887241195,1022.9913210622498,1022.9913210622498,1022.9913210622498
102,1.0,395.953696408997,2977.8786672584974,244,1051.6188474208043,102,244,395.953696408997,1.0,2269572,596.8880615761545,2977.8786672584974,596.8880615761545,1051.618847420804,1051.6188474208043,1051.618847420804
111,1.0,188.4746611768391,1501.9025158148402,245,944.2677436896738,111,245,188.4746611768391,1.0,2277760,585.2530985585706,1501.9025158148402,585.2530985585706,944.2677436896738,944.2677436896738,944.2677436896738
114,1.0,318.97335827619474,2981.5759672065205,246,911.4159588590308,114,246,318.97335827619474,1.0,2288678,560.1765256590534,2981.5759672065205,560.1765256590534,911.4159588590308,911.4159588590308,911.4159588590308
114,1.0,209.57212706781752,1678.8344479443247,247,892.0270173756439,114,247,209.57212706781752,1.0,2297673,537.0282236500533,1678.8344479443247,537.0282236500533,892.0270173756443,892.0270173756439,892.0270173756443
124,1.0,245.46554225683204,1314.826673310084,248,744.0284963943594,124,248,245.46554225683204,1.0,2306378,298.8106049648257,1314.826673310084,298.8106049648257,744.0284963943595,744.0284963943594,744.0284963943595
105,1.0,405.9812216797109,2938.0888181344585,249,944.1319992585496,105,249,405.9812216797109,1.0,2315055,556.0848569299555,2938.0888181344585,556.0848569299555,944.1319992585494,944.1319992585496,944.1319992585494
106,1.0,196.52401946472455,1946.5955560520283,250,954.4430088329177,106,250,196.52401946472455,1.0,2326077,638.8640762122911,1946.5955560520283,638.8640762122911,954.4430088329174,954.4430088329177,954.4430088329174
125,1.0,160.30127175030563,1884.280591171782,251,813.6327524430079,125,251,160.30127175030563,1.0,2335992,519.7253449003977,1884.280591171782,519.7253449003977,813.6327524430079,813.6327524430079,813.6327524430079
111,1.0,264.8936045871352,2322.279958441269,252,910.5346810915165,111,252,264.8936045871352,1.0,2345254,589.3413828631154,2322.279958441269,589.3413828631154,910.5346810915164,910.5346810915165,910.5346810915164
110,1.0,227.65525885771387,1902.1277807146414,253,934.3237409188143,110,253,227.65525885771387,1.0,2353662,514.9315522916155,1902.1277807146414,514.9315522916155,934.3237409188143,934.3237409188143,934.3237409188143
107,1.0,189.23615920679248,1987.1639238826308,254,962.4860170808491,107,254,189.23615920679248,1.0,2362944,516.1906819787822,1987.1639238826308,516.1906819787822,962.4860170808491,962.4860170808491,962.4860170808491
93,0.978494623655914,545.5747931718035,3347.1655313969086,255,1192.4324853670357,93,255,545.5747931718035,0.978494623655914,2371183,168.31673976463503,3347.1655313969086,168.31673976463503,1192.4324853670357,1192.4324853670357,1192.4324853670357
113,1.0,223.4067753611092,1977.9333560456473,256,886.7241980181343,113,256,223.4067753611092,1.0,2379947,467.353902754034,1977.9333560456473,467.353902754034,886.7241980181341,886.7241980181343,886.7241980181341
101,1.0,466.35757116127974,3595.5137359153478,257,1060.53800489981,101,257,466.35757116127974,1.0,2388721,523.4418154877708,3595.5137359153478,523.4418154877708,1060.53800489981,1060.53800489981,1060.53800489981
99,1.0,421.15847234661953,3522.3551228809242,258,1060.6205694357086,99,258,421.15847234661953,1.0,2397575,404.0178341479089,3522.3551228809242,404.0178341479089,1060.6205694357081,1060.6205694357086,1060.6205694357081
93,1.0,424.65340935451064,2467.21280102582,259,1102.155934576609,93,259,424.65340935451064,1.0,2406042,509.5750902612563,2467.21280102582,509.5750902612563,1102.1559345766093,1102.155934576609,1102.1559345766093
97,1.0,387.50877614260133,2298.627787899057,260,1047.247547878354,97,260,387.50877614260133,1.0,2415153,583.1738526504532,2298.627787899057,583.1738526504532,1047.247547878354,1047.247547878354,1047.247547878354
115,1.0,320.4542498287792,2159.069580615566,261,876.2254112653932,115,261,320.4542498287792,1.0,2423623,292.65158343232156,2159.069580615566,292.65158343232156,876.2254112653933,876.2254112653932,876.2254112653933
106,1.0,330.1881449890582,2360.2323421854335,262,968.1336918057762,106,262,330.1881449890582,1.0,2432354,550.8156279301782,2360.2323421854335,550.8156279301782,968.1336918057762,968.1336918057762,968.1336918057762
104,1.0,346.9365576526002,3151.6675139350486,263,985.2305240914623,104,263,346.9365576526002,1.0,2441602,473.8162822084349,3151.6675139350486,473.8162822084349,985.2305240914623,985.2305240914623,985.2305240914623
99,1.0,429.89014245332993,2926.4029220565226,264,1077.9505463519822,99,264,429.89014245332993,1.0,2449793,596.9446503672604,2926.4029220565226,596.9446503672604,1077.9505463519822,1077.9505463519822,1077.9505463519822
107,1.0,313.91331131270266,2547.686392581637,265,987.0911133093198,107,265,313.91331131270266,1.0,2459083,587.2899039838186,2547.686392581637,587.2899039838186,987.0911133093197,987.0911133093198,987.0911133093197
95,1.0,414.33093380197533,3269.3874798699862,266,1121.2416729046402,95,266,414.33093380197533,1.0,2468257,608.8260905807294,3269.3874798699862,608.8260905807294,1121.2416729046402,1121.2416729046402,1121.2416729046402
104,1.0,229.04247358644665,1856.3188576544467,267,984.8207624573902,104,267,229.04247358644665,1.0,2476802,580.8920396194699,1856.3188576544467,580.8920396194699,984.8207624573902,984.8207624573902,984.8207624573902
111,1.0,193.264268697701,1665.7628360066974,268,888.4718296330126,111,268,193.264268697701,1.0,2486163,509.5196055629361,1665.7628360066974,509.5196055629361,888.4718296330125,888.4718296330126,888.4718296330125
101,1.0,302.6519015413481,2285.0513956240275,269,1031.9662927082038,101,269,302.6519015413481,1.0,2495429,590.1924165362941,2285.0513956240275,590.1924165362941,1031.9662927082036,1031.9662927082038,1031.9662927082036
98,1.0,315.53642022393404,2337.4866464718657,270,1061.2582948313234,98,270,315.53642022393404,1.0,2504871,501.3002371556381,2337.4866464718657,501.3002371556381,1061.2582948313234,1061.2582948313234,1061.2582948313234
99,1.0,271.4381430089252,1777.6382036687257,271,1032.8948472217587,99,271,271.4381430089252,1.0,2514236,337.3421183760542,1777.6382036687257,337.3421183760542,1032.8948472217587,1032.8948472217587,1032.8948472217587
99,1.0,253.76745581668777,2297.334132214233,272,1048.6165852628558,99,272,253.76745581668777,1.0,2523906,642.026964537695,2297.334132214233,642.026964537695,1048.6165852628556,1048.6165852628558,1048.6165852628556
92,0.9891304347826086,406.219208687479,3522.9656621558897,273,1210.8642214663605,92,273,406.219208687479,0.9891304347826086,2533579,676.826190672724,3522.9656621558897,676.826190672724,1210.8642214663607,1210.8642214663605,1210.8642214663607
154,1.0,297.9623501260441,1289.111069575113,274,564.0164160275845,154,274,297.9623501260441,1.0,2543131,271.3220131556871,1289.111069575113,271.3220131556871,564.0164160275845,564.0164160275845,564.0164160275845
102,0.9901960784313726,360.4750180380664,3524.949794611318,275,1002.9014770842147,102,275,360.4750180380664,0.9901960784313726,2551718,643.2211391530907,3524.949794611318,643.2211391530907,1002.9014770842147,1002.9014770842147,1002.9014770842147
103,1.0,337.532194409908,2343.1989128288105,276,986.2960076406875,103,276,337.532194409908,1.0,2561470,307.3754213742715,2343.1989128288105,307.3754213742715,986.2960076406875,986.2960076406875,986.2960076406875
108,1.0,260.22203114487553,2009.338891557399,277,957.5468012651826,108,277,260.22203114487553,1.0,2570054,557.8544370257065,2009.338891557399,557.8544370257065,957.5468012651826,957.5468012651826,957.5468012651826
97,1.0,335.26018736229946,2322.3238127421946,278,1122.6725543146576,97,278,335.26018736229946,1.0,2578842,652.3620592668633,2322.3238127421946,652.3620592668633,1122.6725543146574,1122.6725543146576,1122.6725543146574
96,1.0,290.69043953207864,2289.6412847592906,279,1091.7464393343141,96,279,290.69043953207864,1.0,2587433,619.3193868539017,2289.6412847592906,619.3193868539017,1091.746439334314,1091.7464393343141,1091.746439334314
97,1.0,337.2407522400488,2302.700448426842,280,1118.2479397939305,97,280,337.2407522400488,1.0,2595880,591.4461862671936,2302.700448426842,591.4461862671936,1118.24793979393,1118.2479397939305,1118.24793979393
102,1.0,168.75257549507182,1547.3851647933463,281,995.4627058382249,102,281,168.75257549507182,1.0,2605612,594.9563817324747,1547.3851647933463,594.9563817324747,995.4627058382249,995.4627058382249,995.4627058382249
105,1.0,210.65263035397408,1537.3927975035674,282,989.0380081293484,105,282,210.65263035397408,1.0,2614714,625.5745040655876,1537.3927975035674,625.5745040655876,989.0380081293487,989.0380081293484,989.0380081293487
102,1.0,228.22702112791717,1955.2784365356772,283,975.6240309656166,102,283,228.22702112791717,1.0,2623897,336.9935048716346,1955.2784365356772,336.9935048716346,975.6240309656167,975.6240309656166,975.6240309656167
105,1.0,188.02517097971744,1629.377099583045,284,978.027189993246,105,284,188.02517097971744,1.0,2632358,648.6518383196503,1629.377099583045,648.6518383196503,978.027189993246,978.027189993246,978.027189993246
103,1.0,233.06209800538065,2093.5027560137414,285,1062.813582690107,103,285,233.06209800538065,1.0,2641494,660.3569472348363,2093.5027560137414,660.3569472348363,1062.813582690107,1062.813582690107,1062.813582690107
106,1.0,221.99532247035668,2270.4334577182167,286,986.0295303654293,106,286,221.99532247035668,1.0,2650634,660.151822553719,2270.4334577182167,660.151822553719,986.0295303654291,986.0295303654293,986.0295303654291
107,1.0,299.7938178224585,2105.6572572735754,287,1004.6021885452424,107,287,299.7938178224585,1.0,2659223,316.5635344979374,2105.6572572735754,316.5635344979374,1004.6021885452425,1004.6021885452424,1004.6021885452425
115,1.0,183.67129026375412,1271.2953177461275,288,889.8302523359695,115,288,183.67129026375412,1.0,2667572,437.60911074099704,1271.2953177461275,437.60911074099704,889.8302523359696,889.8302523359695,889.8302523359696
102,1.0,289.8555535024121,2675.601888159113,289,1034.2063733480952,102,289,289.8555535024121,1.0,2677278,640.9544043589351,2675.601888159113,640.9544043589351,1034.206373348095,1034.2063733480952,1034.206373348095
99,1.0,329.247947953642,2426.6411869902618,290,1065.5047953226124,99,290,329.247947953642,1.0,2686043,618.98385599367,2426.6411869902618,618.98385599367,1065.5047953226122,1065.5047953226124,1065.5047953226122
114,1.0,164.66852710919147,1410.7211163441345,291,874.90470613894,114,291,164.66852710919147,1.0,2695823,621.5984232023983,1410.7211163441345,621.5984232023983,874.90470613894,874.90470613894,874.90470613894
108,1.0,152.14870430312945,1614.498916856984,292,956.853391684919,108,292,152.14870430312945,1.0,2704286,675.580539898425,1614.498916856984,675.580539898425,956.853391684919,956.853391684919,956.853391684919
104,1.0,220.92186026841546,1749.4867309908393,293,1048.614786326097,104,293,220.92186026841546,1.0,2712744,643.1453636222266,1749.4867309908393,643.1453636222266,1048.6147863260967,1048.614786326097,1048.6147863260967
105,1.0,243.86394919270333,1789.1859730998258,294,997.2341713539818,105,294,243.86394919270333,1.0,2720717,635.8523455803102,1789.1859730998258,635.8523455803102,997.2341713539818,997.2341713539818,997.2341713539818
108,1.0,180.10607865024653,1431.9525995781419,295,950.5412199705979,108,295,180.10607865024653,1.0,2729251,658.2849006021504,1431.9525995781419,658.2849006021504,950.5412199705979,950.5412199705979,950.5412199705979
107,1.0,273.08716373398585,2366.581065736808,296,1020.9400494799629,107,296,273.08716373398585,1.0,2739027,654.7246814841413,2366.581065736808,654.7246814841413,1020.9400494799628,1020.9400494799629,1020.9400494799628
95,1.0,298.60998061323846,2457.312762211442,297,1146.0916820310158,95,297,298.60998061323846,1.0,2749483,799.7543647277332,2457.312762211442,799.7543647277332,1146.0916820310158,1146.0916820310158,1146.0916820310158
98,1.0,181.71191101443873,1864.5930044948345,298,1097.6577378489017,98,298,181.71191101443873,1.0,2758624,663.8432471858497,1864.5930044948345,663.8432471858497,1097.6577378489017,1097.6577378489017,1097.6577378489017
106,1.0,256.07744618533525,1831.469993195311,299,988.449330147488,106,299,256.07744618533525,1.0,2766637,492.91041981398274,1831.469993195311,492.91041981398274,988.4493301474882,988.449330147488,988.4493301474882
100,1.0,219.09150223016223,2448.831797453358,300,1068.6587795987896,100,300,219.09150223016223,1.0,2775164,700.6261028681689,2448.831797453358,700.6261028681689,1068.6587795987898,1068.6587795987896,1068.6587795987898
