MetaTest/Average/NumEpisodes,MetaTest/__unnamed_task__/AverageDiscountedReturn,MetaTest/Average/AverageReturn,MetaTest/__unnamed_task__/StdReturn,MetaTest/__unnamed_task__/NumEpisodes,MetaTest/__unnamed_task__/Iteration,MetaTest/Average/MinReturn,MetaTest/__unnamed_task__/MinReturn,MetaTest/__unnamed_task__/TerminationRate,MetaTest/Average/TerminationRate,MetaTest/__unnamed_task__/MaxReturn,MetaTest/__unnamed_task__/AverageReturn,MetaTest/Average/AverageDiscountedReturn,MetaTest/Average/StdReturn,MetaTest/Average/Iteration,MetaTest/Average/MaxReturn,TotalEnvSteps
125,233.76411252946755,233.76411252946755,133.75810355473914,125,0,-3.074924744949345,-3.074924744949345,1.0,1.0,571.3630398547527,233.76411252946755,233.76411252946755,133.75810355473914,0,571.3630398547527,57340
170,37.68773402652805,37.68773402652804,88.46159928882278,170,1,-38.77289774621126,-38.77289774621126,1.0,1.0,392.54831651239175,37.68773402652804,37.68773402652805,88.46159928882278,1,392.54831651239175,65489
274,73.67670874930185,73.67670874930185,179.32362243197971,274,2,-17.80880425259141,-17.80880425259141,0.9927007299270073,0.9927007299270073,1010.9473900815442,73.67670874930185,73.67670874930185,179.32362243197971,2,1010.9473900815442,73731
772,14.485512246550021,14.48551224655002,17.438214942736987,772,3,-2.1287623295239277,-2.1287623295239277,1.0,1.0,263.7105472709742,14.48551224655002,14.485512246550021,17.438214942736987,3,263.7105472709742,83253
1608,-5.540024901220402,-5.540024901220402,2.909425280873734,1608,4,-11.087601506095565,-11.087601506095565,1.0,1.0,36.70582037234219,-5.540024901220402,-5.540024901220402,2.909425280873734,4,36.70582037234219,90507
192,84.68309275900685,84.68309275900685,121.68443979599654,192,5,-62.89551523483014,-62.89551523483014,1.0,1.0,630.5484516218601,84.68309275900685,84.68309275900685,121.68443979599654,5,630.5484516218601,97570
130,66.83711107840114,66.83711107840114,111.9263958741094,130,6,-154.6718589890484,-154.6718589890484,1.0,1.0,477.65549564833447,66.83711107840114,66.83711107840114,111.9263958741094,6,477.65549564833447,105092
148,42.46775464886613,42.46775464886613,96.53934149183992,148,7,-129.19432153511886,-129.19432153511886,1.0,1.0,418.32969700970887,42.46775464886613,42.46775464886613,96.53934149183992,7,418.32969700970887,113532
157,79.74142554920108,79.74142554920108,95.34118988853159,157,8,-110.24166583016306,-110.24166583016306,1.0,1.0,385.9434261898506,79.74142554920108,79.74142554920108,95.34118988853159,8,385.9434261898506,121751
156,119.52002614961846,119.52002614961846,122.54256795949816,156,9,-99.45706559740644,-99.45706559740644,1.0,1.0,474.80316727028736,119.52002614961846,119.52002614961846,122.54256795949816,9,474.80316727028736,129823
130,134.7211894866102,134.7211894866102,121.22905406089791,130,10,-90.28180380339546,-90.28180380339546,1.0,1.0,469.76772234001095,134.7211894866102,134.7211894866102,121.22905406089791,10,469.76772234001095,138348
118,119.10313238758583,119.10313238758576,162.70106954792746,118,11,-143.98899253393827,-143.98899253393827,0.9830508474576272,0.9830508474576272,814.0443054090184,119.10313238758576,119.10313238758583,162.70106954792746,11,814.0443054090184,147348
165,99.06477724876203,99.06477724876204,126.74330071335376,165,12,-174.15263847483175,-174.15263847483175,1.0,1.0,492.8718435124523,99.06477724876204,99.06477724876203,126.74330071335376,12,492.8718435124523,155237
138,200.71539594940725,200.71539594940722,189.98584479268794,138,13,-120.42201365204123,-120.42201365204123,0.9782608695652174,0.9782608695652174,1007.2488577874628,200.71539594940722,200.71539594940725,189.98584479268794,13,1007.2488577874628,164172
183,101.28699965038476,101.28699965038477,140.6225577145157,183,14,-156.44427845653377,-156.44427845653377,1.0,1.0,671.9001537157136,101.28699965038477,101.28699965038476,140.6225577145157,14,671.9001537157136,174683
145,102.21319401099271,102.21319401099272,111.6932502448219,145,15,-114.74145157328483,-114.74145157328483,1.0,1.0,439.19339600311,102.21319401099272,102.21319401099271,111.6932502448219,15,439.19339600311,183495
283,26.548516241504853,26.548516241504853,85.17654458008198,283,16,-187.7112614637737,-187.7112614637737,1.0,1.0,632.9086090909957,26.548516241504853,26.548516241504853,85.17654458008198,16,632.9086090909957,191459
181,47.90764790849445,47.907647908494454,120.18076697493484,181,17,-99.49354247468776,-99.49354247468776,1.0,1.0,554.7071309551791,47.907647908494454,47.90764790849445,120.18076697493484,17,554.7071309551791,199660
177,67.64963350152165,67.64963350152166,119.31340658900297,177,18,-114.18182493960107,-114.18182493960107,1.0,1.0,612.207003131856,67.64963350152166,67.64963350152165,119.31340658900297,18,612.207003131856,207262
188,77.09993164905929,77.09993164905929,104.19701770944985,188,19,-89.5598866678828,-89.5598866678828,1.0,1.0,465.0595527360116,77.09993164905929,77.09993164905929,104.19701770944985,19,465.0595527360116,215233
182,171.8958741724686,171.8958741724686,107.03160979834726,182,20,-49.4536438852507,-49.4536438852507,1.0,1.0,580.8035701507654,171.8958741724686,171.8958741724686,107.03160979834726,20,580.8035701507654,223129
181,207.29402715062434,207.29402715062434,109.01709718176863,181,21,-21.346858189073362,-21.346858189073362,1.0,1.0,593.7920247735408,207.29402715062434,207.29402715062434,109.01709718176863,21,593.7920247735408,230777
210,193.0559268530917,193.05592685309173,80.91298796331584,210,22,9.84888322886758,9.84888322886758,1.0,1.0,429.407857025588,193.05592685309173,193.0559268530917,80.91298796331584,22,429.407857025588,238609
143,246.61322388298493,246.61322388298493,159.69067697327685,143,23,-27.855292568808114,-27.855292568808114,0.993006993006993,0.993006993006993,987.2342630889088,246.61322388298493,246.61322388298493,159.69067697327685,23,987.2342630889088,246566
103,306.59773211810574,306.5977321181057,264.6077329763008,103,24,-11.82484929846011,-11.82484929846011,0.9223300970873787,0.9223300970873787,1030.304702633493,306.5977321181057,306.59773211810574,264.6077329763008,24,1030.304702633493,254779
211,131.12536026431897,131.12536026431897,139.04937250705962,211,25,-19.42493929296132,-19.42493929296132,1.0,1.0,607.9434000099933,131.12536026431897,131.12536026431897,139.04937250705962,25,607.9434000099933,264116
143,179.44237481238443,179.4423748123844,174.4235409756501,143,26,-82.0616569010545,-82.0616569010545,0.993006993006993,0.993006993006993,1050.0884865039484,179.4423748123844,179.44237481238443,174.4235409756501,26,1050.0884865039484,272250
141,245.8413762677028,245.8413762677028,141.54446235748324,141,27,-23.106793417035526,-23.106793417035526,1.0,1.0,678.9982188396638,245.8413762677028,245.8413762677028,141.54446235748324,27,678.9982188396638,281889
152,180.51680183488867,180.51680183488867,149.58118594764943,152,28,-75.83378943868722,-75.83378943868722,1.0,1.0,743.3290613503552,180.51680183488867,180.51680183488867,149.58118594764943,28,743.3290613503552,290152
195,130.9672269319635,130.9672269319635,151.32923621384197,195,29,-18.742601892183195,-18.742601892183195,0.9948717948717949,0.9948717948717949,1094.432485547032,130.9672269319635,130.9672269319635,151.32923621384197,29,1094.432485547032,298081
182,205.46525958739636,205.46525958739636,213.49669180787834,182,30,-56.747227573196575,-56.747227573196575,1.0,1.0,990.4154296999276,205.46525958739636,205.46525958739636,213.49669180787834,30,990.4154296999276,306042
144,273.2660920538683,273.2660920538683,200.03342775128718,144,31,-1.2333460310503466,-1.2333460310503466,1.0,1.0,965.0844845010954,273.2660920538683,273.2660920538683,200.03342775128718,31,965.0844845010954,314279
157,223.4481174215112,223.44811742151114,163.76708412638055,157,32,-10.02723856339297,-10.02723856339297,1.0,1.0,840.6055296696658,223.44811742151114,223.4481174215112,163.76708412638055,32,840.6055296696658,323117
146,287.1771284566809,287.17712845668086,151.88080118029325,146,33,18.396553970621266,18.396553970621266,1.0,1.0,830.026601551403,287.17712845668086,287.1771284566809,151.88080118029325,33,830.026601551403,330961
147,251.9382134570093,251.93821345700925,172.85323596207112,147,34,5.426384325361542,5.426384325361542,1.0,1.0,727.4088476550936,251.93821345700925,251.9382134570093,172.85323596207112,34,727.4088476550936,338761
129,346.98999543691303,346.98999543691303,190.33946775855424,129,35,27.761747717018476,27.761747717018476,1.0,1.0,945.8087545789957,346.98999543691303,346.98999543691303,190.33946775855424,35,945.8087545789957,347171
137,340.7493164889623,340.7493164889623,224.00427728318357,137,36,5.945117022572316,5.945117022572316,1.0,1.0,1049.393475478045,340.7493164889623,340.7493164889623,224.00427728318357,36,1049.393475478045,354953
160,288.2338562428931,288.2338562428931,228.93022118535745,160,37,6.992546864542332,6.992546864542332,1.0,1.0,1143.9576590716945,288.2338562428931,288.2338562428931,228.93022118535745,37,1143.9576590716945,363535
138,309.98446728603767,309.98446728603767,243.69952071934046,138,38,-14.62642016811671,-14.62642016811671,1.0,1.0,1118.8676278744497,309.98446728603767,309.98446728603767,243.69952071934046,38,1118.8676278744497,371893
114,436.45614206324154,436.45614206324154,394.6432780731172,114,39,-1.1137307923850241,-1.1137307923850241,0.9824561403508771,0.9824561403508771,1953.6256902444268,436.45614206324154,436.45614206324154,394.6432780731172,39,1953.6256902444268,380485
129,341.44509278807084,341.44509278807084,267.1326626662618,129,40,-14.772319212189032,-14.772319212189032,1.0,1.0,1310.723397328873,341.44509278807084,341.44509278807084,267.1326626662618,40,1310.723397328873,389232
137,296.7553666789353,296.7553666789353,241.50867918049215,137,41,-79.072125303504,-79.072125303504,1.0,1.0,1158.252558855367,296.7553666789353,296.7553666789353,241.50867918049215,41,1158.252558855367,397300
136,317.86052290207596,317.8605229020759,286.6596259283759,136,42,-3.3769254509256617,-3.3769254509256617,1.0,1.0,1762.2456801061778,317.8605229020759,317.86052290207596,286.6596259283759,42,1762.2456801061778,405431
148,269.3145899203959,269.3145899203959,221.46473341747776,148,43,-24.61017257344551,-24.61017257344551,1.0,1.0,1353.4289592079922,269.3145899203959,269.3145899203959,221.46473341747776,43,1353.4289592079922,413513
165,242.48997572598833,242.48997572598833,256.46435032733723,165,44,-3.234029948648492,-3.234029948648492,1.0,1.0,1312.0527667329916,242.48997572598833,242.48997572598833,256.46435032733723,44,1312.0527667329916,421537
123,395.04779327401275,395.0477932740126,323.140328363025,123,45,-42.302222951531235,-42.302222951531235,0.991869918699187,0.991869918699187,1908.8368181830838,395.0477932740126,395.04779327401275,323.140328363025,45,1908.8368181830838,429595
135,354.64174773449605,354.64174773449594,306.230905211873,135,46,-2.861834438995901,-2.861834438995901,1.0,1.0,1616.6854873090888,354.64174773449594,354.64174773449605,306.230905211873,46,1616.6854873090888,438184
147,311.7029967791208,311.70299677912084,296.84306508183823,147,47,-5.246496208543471,-5.246496208543471,1.0,1.0,1402.8886330226937,311.70299677912084,311.7029967791208,296.84306508183823,47,1402.8886330226937,446247
224,168.69821590394707,168.69821590394707,238.93581661338723,224,48,-33.245619248428284,-33.245619248428284,1.0,1.0,1357.0246359670148,168.69821590394707,168.69821590394707,238.93581661338723,48,1357.0246359670148,454719
165,282.92208653533555,282.9220865353355,328.76199806469174,165,49,-7.8576060629233035,-7.8576060629233035,0.9939393939393939,0.9939393939393939,1707.4569637468862,282.9220865353355,282.92208653533555,328.76199806469174,49,1707.4569637468862,462776
169,301.2105311676319,301.2105311676318,323.8813209207526,169,50,-6.339766019771949,-6.339766019771949,1.0,1.0,1674.615577010731,301.2105311676318,301.2105311676319,323.8813209207526,50,1674.615577010731,472111
146,343.70120237398703,343.70120237398703,300.46726649184427,146,51,-3.9695868668465004,-3.9695868668465004,1.0,1.0,1188.7349028622914,343.70120237398703,343.70120237398703,300.46726649184427,51,1188.7349028622914,481426
130,381.708080647552,381.7080806475519,336.5276180135817,130,52,-1.0049363392732116,-1.0049363392732116,1.0,1.0,2000.4700492601598,381.7080806475519,381.708080647552,336.5276180135817,52,2000.4700492601598,491691
108,552.3963197015306,552.3963197015306,408.2874919474786,108,53,11.11685564035418,11.11685564035418,1.0,1.0,2176.3522327254827,552.3963197015306,552.3963197015306,408.2874919474786,53,2176.3522327254827,500834
128,423.98692823685815,423.98692823685815,264.41705654627947,128,54,6.3725189044606765,6.3725189044606765,1.0,1.0,1941.777013709921,423.98692823685815,423.98692823685815,264.41705654627947,54,1941.777013709921,509315
130,391.62997121826646,391.6299712182664,381.44715356199765,130,55,4.177127229764383,4.177127229764383,0.9923076923076923,0.9923076923076923,2137.577531324311,391.6299712182664,391.62997121826646,381.44715356199765,55,2137.577531324311,517471
142,408.46261013924664,408.46261013924664,388.0518149857042,142,56,7.098394252719635,7.098394252719635,1.0,1.0,1833.4359810330134,408.46261013924664,408.46261013924664,388.0518149857042,56,1833.4359810330134,526064
134,500.61588470155175,500.61588470155186,554.927938390539,134,57,-0.21551622258878045,-0.21551622258878045,0.9850746268656716,0.9850746268656716,2694.4412379544997,500.61588470155186,500.61588470155175,554.927938390539,57,2694.4412379544997,535518
133,494.2537777278756,494.2537777278756,454.9056482247508,133,58,3.649874945488488,3.649874945488488,1.0,1.0,2168.273563877007,494.2537777278756,494.2537777278756,454.9056482247508,58,2168.273563877007,544073
140,502.6050816789066,502.6050816789066,485.8769467583159,140,59,-1.2322953250336957,-1.2322953250336957,0.9928571428571429,0.9928571428571429,2680.9819936065264,502.6050816789066,502.6050816789066,485.8769467583159,59,2680.9819936065264,552442
125,559.7579858628194,559.7579858628195,452.65814319362744,125,60,2.0260569950169387,2.0260569950169387,1.0,1.0,2195.9420210159697,559.7579858628195,559.7579858628194,452.65814319362744,60,2195.9420210159697,561366
187,343.4678111147279,343.46781111472785,478.4347185687306,187,61,-4.913449335985039,-4.913449335985039,1.0,1.0,2613.886357180571,343.46781111472785,343.4678111147279,478.4347185687306,61,2613.886357180571,569484
146,465.4264523770111,465.4264523770111,444.05659290589364,146,62,1.18722653103243,1.18722653103243,0.9931506849315068,0.9931506849315068,3176.765201292834,465.4264523770111,465.4264523770111,444.05659290589364,62,3176.765201292834,578541
140,496.6337993312361,496.6337993312359,482.2447283913743,140,63,-2.0396245435223315,-2.0396245435223315,1.0,1.0,2340.366997897832,496.6337993312359,496.6337993312361,482.2447283913743,63,2340.366997897832,587042
121,658.7748872538423,658.7748872538424,598.6308028350292,121,64,0.7745049185949022,0.7745049185949022,0.9917355371900827,0.9917355371900827,3363.981428552375,658.7748872538424,658.7748872538423,598.6308028350292,64,3363.981428552375,596528
145,405.40317746933533,405.40317746933533,334.74535032369056,145,65,1.4798868355754653,1.4798868355754653,1.0,1.0,1768.2371272005303,405.40317746933533,405.40317746933533,334.74535032369056,65,1768.2371272005303,604605
160,328.0731897710133,328.07318977101335,179.28357566714052,160,66,32.012900810623925,32.012900810623925,1.0,1.0,1118.597439601511,328.07318977101335,328.0731897710133,179.28357566714052,66,1118.597439601511,613224
163,355.81989797979554,355.81989797979566,311.57102827721565,163,67,13.078785021839593,13.078785021839593,0.9938650306748467,0.9938650306748467,2595.1414229153575,355.81989797979566,355.81989797979554,311.57102827721565,67,2595.1414229153575,622364
110,773.7274472702275,773.7274472702276,624.39686240281,110,68,95.08350725560206,95.08350725560206,0.990909090909091,0.990909090909091,3147.783763940563,773.7274472702276,773.7274472702275,624.39686240281,68,3147.783763940563,631736
93,883.2477820277954,883.2477820277956,781.442200903329,93,69,69.41949776067864,69.41949776067864,0.967741935483871,0.967741935483871,3546.3999291287446,883.2477820277956,883.2477820277954,781.442200903329,69,3546.3999291287446,640806
85,1061.2308402773297,1061.23084027733,772.6141488893438,85,70,77.2270860780794,77.2270860780794,0.9647058823529412,0.9647058823529412,3528.4856975622465,1061.23084027733,1061.2308402773297,772.6141488893438,70,3528.4856975622465,649962
107,732.6662862194063,732.6662862194064,531.8918355112834,107,71,128.61187080821912,128.61187080821912,1.0,1.0,2422.398790790187,732.6662862194064,732.6662862194063,531.8918355112834,71,2422.398790790187,658411
102,761.3485052331384,761.3485052331386,494.8069108327214,102,72,39.44053906511928,39.44053906511928,1.0,1.0,2625.158935790299,761.3485052331386,761.3485052331384,494.8069108327214,72,2625.158935790299,667426
108,645.7186250742199,645.7186250742199,559.733674388637,108,73,65.17737377876087,65.17737377876087,1.0,1.0,2728.367754381193,645.7186250742199,645.7186250742199,559.733674388637,73,2728.367754381193,676124
102,814.3921445530365,814.3921445530368,680.8411531012636,102,74,33.81884961341283,33.81884961341283,0.9901960784313726,0.9901960784313726,3633.222218015869,814.3921445530368,814.3921445530365,680.8411531012636,74,3633.222218015869,684648
117,682.8877425642269,682.8877425642269,470.94005875473204,117,75,104.46954107804955,104.46954107804955,1.0,1.0,3096.471960469652,682.8877425642269,682.8877425642269,470.94005875473204,75,3096.471960469652,693453
126,599.3267004863234,599.3267004863233,428.9809882968963,126,76,21.03915817932242,21.03915817932242,1.0,1.0,2175.733504921554,599.3267004863233,599.3267004863234,428.9809882968963,76,2175.733504921554,702259
104,848.1269308725613,848.1269308725613,694.030962278073,104,77,34.002538630995794,34.002538630995794,0.9903846153846154,0.9903846153846154,3712.224019755569,848.1269308725613,848.1269308725613,694.030962278073,77,3712.224019755569,710257
147,515.5002933837159,515.5002933837158,517.5541385558066,147,78,-0.38201589293393357,-0.38201589293393357,1.0,1.0,3502.9915668673098,515.5002933837158,515.5002933837159,517.5541385558066,78,3502.9915668673098,718880
102,894.7848166317143,894.7848166317143,784.6422313849588,102,79,5.57335500023727,5.57335500023727,0.9803921568627451,0.9803921568627451,3630.686469435629,894.7848166317143,894.7848166317143,784.6422313849588,79,3630.686469435629,728388
117,728.6174114859356,728.6174114859356,549.4244306056737,117,80,8.103040276531548,8.103040276531548,1.0,1.0,2747.004519263929,728.6174114859356,728.6174114859356,549.4244306056737,80,2747.004519263929,736949
123,628.9579212391454,628.9579212391454,527.7887744365768,123,81,9.816674973413024,9.816674973413024,0.991869918699187,0.991869918699187,3173.63974234572,628.9579212391454,628.9579212391454,527.7887744365768,81,3173.63974234572,745523
154,471.46532321269996,471.46532321269996,443.95951341014654,154,82,15.672655356397584,15.672655356397584,1.0,1.0,2020.986720139976,471.46532321269996,471.46532321269996,443.95951341014654,82,2020.986720139976,753262
128,658.6305383835045,658.6305383835045,690.7710722459393,128,83,10.473489210426031,10.473489210426031,1.0,1.0,3233.232321001746,658.6305383835045,658.6305383835045,690.7710722459393,83,3233.232321001746,762868
102,930.9660157910404,930.9660157910403,891.753036953602,102,84,28.42192853525269,28.42192853525269,0.9901960784313726,0.9901960784313726,3885.2756739671336,930.9660157910403,930.9660157910404,891.753036953602,84,3885.2756739671336,771773
125,668.6649539720258,668.6649539720257,496.8190335209344,125,85,9.645009630142377,9.645009630142377,1.0,1.0,2569.4650408240846,668.6649539720257,668.6649539720258,496.8190335209344,85,2569.4650408240846,781061
105,891.0125075125917,891.0125075125917,722.3040958714087,105,86,11.65812640837967,11.65812640837967,0.9904761904761905,0.9904761904761905,3546.363435756328,891.0125075125917,891.0125075125917,722.3040958714087,86,3546.363435756328,790262
119,727.915710152718,727.915710152718,617.4696393118518,119,87,14.356417614986018,14.356417614986018,0.9915966386554622,0.9915966386554622,3763.9613931907134,727.915710152718,727.915710152718,617.4696393118518,87,3763.9613931907134,799258
134,588.7179075517022,588.7179075517021,516.8403101813385,134,88,10.705358627320955,10.705358627320955,1.0,1.0,2745.4695870275577,588.7179075517021,588.7179075517022,516.8403101813385,88,2745.4695870275577,807750
126,614.0000917143086,614.0000917143085,620.69961027215,126,89,6.102598448435636,6.102598448435636,1.0,1.0,3395.877869769132,614.0000917143085,614.0000917143086,620.69961027215,89,3395.877869769132,816440
135,658.4028140134806,658.4028140134806,1012.4851797743888,135,90,14.257094308045833,14.257094308045833,0.9555555555555556,0.9555555555555556,3822.982570630922,658.4028140134806,658.4028140134806,1012.4851797743888,90,3822.982570630922,825139
95,911.0084957548295,911.0084957548298,957.9800425283689,95,91,28.952026076113384,28.952026076113384,0.9473684210526315,0.9473684210526315,3851.04671523678,911.0084957548298,911.0084957548295,957.9800425283689,91,3851.04671523678,834198
173,512.5267707558681,512.5267707558681,775.545749312542,173,92,10.323685878200507,10.323685878200507,0.9826589595375722,0.9826589595375722,3775.9446014170876,512.5267707558681,512.5267707558681,775.545749312542,92,3775.9446014170876,841737
115,859.5252085353051,859.525208535305,984.7902436015979,115,93,8.685257829080697,8.685257829080697,0.9652173913043478,0.9652173913043478,3607.3584400082877,859.525208535305,859.5252085353051,984.7902436015979,93,3607.3584400082877,851665
122,781.7255177627931,781.7255177627931,864.2145579978811,122,94,16.994462528805567,16.994462528805567,0.9672131147540983,0.9672131147540983,3720.0330803606107,781.7255177627931,781.7255177627931,864.2145579978811,94,3720.0330803606107,860019
110,790.7602711312715,790.7602711312713,1022.9911999852402,110,95,10.06374843842446,10.06374843842446,0.9545454545454546,0.9545454545454546,3718.2215822676103,790.7602711312713,790.7602711312715,1022.9911999852402,95,3718.2215822676103,867668
212,375.39486124955545,375.39486124955533,740.3312217358531,212,96,2.270170161733374,2.270170161733374,0.9764150943396226,0.9764150943396226,3928.670991194046,375.39486124955533,375.39486124955545,740.3312217358531,96,3928.670991194046,876574
141,612.3091245217091,612.3091245217092,824.6489068599806,141,97,15.062238834090659,15.062238834090659,0.9929078014184397,0.9929078014184397,3853.432927629679,612.3091245217092,612.3091245217091,824.6489068599806,97,3853.432927629679,884952
185,372.22115310986266,372.22115310986266,555.3762912042241,185,98,2.96566508534581,2.96566508534581,0.9891891891891892,0.9891891891891892,3919.1869831867994,372.22115310986266,372.22115310986266,555.3762912042241,98,3919.1869831867994,893826
132,625.2774829071403,625.2774829071403,711.315435168456,132,99,4.020892936012087,4.020892936012087,0.9772727272727273,0.9772727272727273,3645.43046917617,625.2774829071403,625.2774829071403,711.315435168456,99,3645.43046917617,902565
136,590.3914761604693,590.3914761604693,709.8318525432857,136,100,2.917397018187885,2.917397018187885,0.9926470588235294,0.9926470588235294,3991.0053115834503,590.3914761604693,590.3914761604693,709.8318525432857,100,3991.0053115834503,911429
178,387.3822169400319,387.38221694003187,430.32038826616184,178,101,9.445700041842525,9.445700041842525,1.0,1.0,3266.6110350202607,387.38221694003187,387.3822169400319,430.32038826616184,101,3266.6110350202607,921285
166,487.0500428987905,487.0500428987905,774.4941944230133,166,102,2.6290510593105076,2.6290510593105076,0.9879518072289156,0.9879518072289156,3775.7544222094057,487.0500428987905,487.0500428987905,774.4941944230133,102,3775.7544222094057,929827
172,433.5861812873347,433.5861812873348,575.9290912896514,172,103,31.66992359177515,31.66992359177515,0.9941860465116279,0.9941860465116279,3567.6139408846366,433.5861812873348,433.5861812873347,575.9290912896514,103,3567.6139408846366,937981
218,296.6128157999759,296.612815799976,336.76385114712014,218,104,18.1797210238557,18.1797210238557,1.0,1.0,2740.102371586271,296.612815799976,296.6128157999759,336.76385114712014,104,2740.102371586271,946969
157,505.5524205187011,505.5524205187011,581.3622655970529,157,105,31.544287253637325,31.544287253637325,0.9936305732484076,0.9936305732484076,3183.1840009298808,505.5524205187011,505.5524205187011,581.3622655970529,105,3183.1840009298808,954971
164,460.8151004486785,460.8151004486785,488.65147152524304,164,106,14.133118736406294,14.133118736406294,1.0,1.0,3538.1326394888,460.8151004486785,460.8151004486785,488.65147152524304,106,3538.1326394888,963766
186,406.5406657417806,406.5406657417806,434.5382403585381,186,107,14.474833520132005,14.474833520132005,1.0,1.0,2306.5123297561327,406.5406657417806,406.5406657417806,434.5382403585381,107,2306.5123297561327,971663
166,492.18248299984117,492.1824829998413,503.2348912309791,166,108,15.82711191269053,15.82711191269053,1.0,1.0,3042.571876205561,492.1824829998413,492.18248299984117,503.2348912309791,108,3042.571876205561,980007
159,475.63148788706064,475.63148788706064,450.802439965927,159,109,9.217128957830383,9.217128957830383,1.0,1.0,2943.672896104675,475.63148788706064,475.63148788706064,450.802439965927,109,2943.672896104675,988747
126,635.9830478614981,635.9830478614981,540.335802089137,126,110,24.235030996119963,24.235030996119963,1.0,1.0,3037.714427210504,635.9830478614981,635.9830478614981,540.335802089137,110,3037.714427210504,997878
200,343.34840582972015,343.34840582972,487.29782060777285,200,111,9.64500626802417,9.64500626802417,1.0,1.0,2882.5108811545647,343.34840582972,343.34840582972015,487.29782060777285,111,2882.5108811545647,1007366
192,321.503566611806,321.503566611806,311.35090429120004,192,112,11.77675802096374,11.77675802096374,1.0,1.0,2051.2750701006253,321.503566611806,321.503566611806,311.35090429120004,112,2051.2750701006253,1015550
162,410.1660304794899,410.1660304794899,286.6125605668109,162,113,12.607483548002483,12.607483548002483,1.0,1.0,1550.763566112432,410.1660304794899,410.1660304794899,286.6125605668109,113,1550.763566112432,1023638
265,201.6781563465242,201.6781563465242,291.5095600299693,265,114,4.169324340921559,4.169324340921559,1.0,1.0,1769.0296467957571,201.6781563465242,201.6781563465242,291.5095600299693,114,1769.0296467957571,1032031
172,393.1328848749316,393.1328848749316,375.15849074694177,172,115,9.209169441793845,9.209169441793845,1.0,1.0,1955.4333878499858,393.1328848749316,393.1328848749316,375.15849074694177,115,1955.4333878499858,1042443
289,195.45170793657985,195.45170793657985,253.22005176060676,289,116,7.027757922308548,7.027757922308548,1.0,1.0,1468.7946454976036,195.45170793657985,195.45170793657985,253.22005176060676,116,1468.7946454976036,1051888
237,263.8397627258739,263.8397627258738,311.46432927263356,237,117,18.767391860862304,18.767391860862304,1.0,1.0,2236.6646879787145,263.8397627258738,263.8397627258739,311.46432927263356,117,2236.6646879787145,1060252
189,336.5430423270622,336.54304232706227,297.53042723823893,189,118,7.833664305515016,7.833664305515016,1.0,1.0,1732.3642222022356,336.54304232706227,336.5430423270622,297.53042723823893,118,1732.3642222022356,1068738
189,361.6814462239534,361.6814462239534,358.96586542596566,189,119,8.292241163903215,8.292241163903215,1.0,1.0,2564.944411020957,361.6814462239534,361.6814462239534,358.96586542596566,119,2564.944411020957,1077466
183,381.3617064341738,381.3617064341738,308.11175081134536,183,120,5.212741805117419,5.212741805117419,1.0,1.0,1633.164711104072,381.3617064341738,381.3617064341738,308.11175081134536,120,1633.164711104072,1086533
179,360.3397366338214,360.3397366338215,258.5463420434481,179,121,15.98726051915367,15.98726051915367,1.0,1.0,1665.8416086397233,360.3397366338215,360.3397366338214,258.5463420434481,121,1665.8416086397233,1095011
159,474.2663437703457,474.2663437703457,408.1138621422068,159,122,26.853880976987465,26.853880976987465,1.0,1.0,2655.891468681452,474.2663437703457,474.2663437703457,408.1138621422068,122,2655.891468681452,1104353
194,368.31735173502597,368.31735173502597,303.45182318567714,194,123,22.121607273201285,22.121607273201285,1.0,1.0,1983.7454468576389,368.31735173502597,368.31735173502597,303.45182318567714,123,1983.7454468576389,1113359
171,418.38090643000635,418.3809064300062,325.34122266621125,171,124,12.01810071696995,12.01810071696995,1.0,1.0,1544.696551970172,418.3809064300062,418.38090643000635,325.34122266621125,124,1544.696551970172,1122290
178,374.5091907565906,374.5091907565906,355.82004616515593,178,125,24.611502423552047,24.611502423552047,1.0,1.0,3516.935472273486,374.5091907565906,374.5091907565906,355.82004616515593,125,3516.935472273486,1130650
170,463.65395533532865,463.65395533532853,340.52706463745045,170,126,18.710145441208418,18.710145441208418,1.0,1.0,1949.2952479344287,463.65395533532853,463.65395533532865,340.52706463745045,126,1949.2952479344287,1139903
183,387.85339151996243,387.85339151996254,313.239172442171,183,127,17.699807826694837,17.699807826694837,1.0,1.0,2254.2995607126445,387.85339151996254,387.85339151996243,313.239172442171,127,2254.2995607126445,1148614
194,351.0816071910341,351.0816071910341,236.39970499967572,194,128,23.23680523528837,23.23680523528837,1.0,1.0,1604.663055437862,351.0816071910341,351.0816071910341,236.39970499967572,128,1604.663055437862,1156508
187,387.4235240494718,387.4235240494718,300.04635580288027,187,129,20.691797504220254,20.691797504220254,1.0,1.0,2119.5247693064807,387.4235240494718,387.4235240494718,300.04635580288027,129,2119.5247693064807,1165010
185,396.15317598625927,396.15317598625927,303.8343450914463,185,130,11.714639091069257,11.714639091069257,1.0,1.0,2554.7833485189662,396.15317598625927,396.15317598625927,303.8343450914463,130,2554.7833485189662,1173198
193,365.4303777248459,365.43037772484587,257.8401666997803,193,131,6.844867173287515,6.844867173287515,1.0,1.0,1535.5786820445999,365.43037772484587,365.4303777248459,257.8401666997803,131,1535.5786820445999,1181334
241,226.31789470556038,226.31789470556038,190.98314631473062,241,132,21.17654708666129,21.17654708666129,1.0,1.0,1384.519201219028,226.31789470556038,226.31789470556038,190.98314631473062,132,1384.519201219028,1189640
187,388.31012005913465,388.31012005913465,254.85549703365817,187,133,22.795148478751596,22.795148478751596,1.0,1.0,1415.4821058114624,388.31012005913465,388.31012005913465,254.85549703365817,133,1415.4821058114624,1198697
214,329.19031547189627,329.1903154718962,278.8149591567373,214,134,24.16505595256494,24.16505595256494,1.0,1.0,1842.5698241223927,329.1903154718962,329.19031547189627,278.8149591567373,134,1842.5698241223927,1207658
220,343.8461341913525,343.84613419135235,268.1037061477779,220,135,29.54252589818827,29.54252589818827,1.0,1.0,2443.450164719925,343.84613419135235,343.8461341913525,268.1037061477779,135,2443.450164719925,1216883
192,390.33361176604234,390.3336117660422,308.24252381506216,192,136,33.17375745949382,33.17375745949382,1.0,1.0,2030.314411896576,390.3336117660422,390.33361176604234,308.24252381506216,136,2030.314411896576,1225675
183,417.8228093367885,417.8228093367885,342.6582755864282,183,137,40.667516959981754,40.667516959981754,1.0,1.0,1795.4822304090253,417.8228093367885,417.8228093367885,342.6582755864282,137,1795.4822304090253,1233830
281,248.6813751507794,248.68137515077944,232.094709304591,281,138,26.65633935585592,26.65633935585592,1.0,1.0,1659.0650756674802,248.68137515077944,248.6813751507794,232.094709304591,138,1659.0650756674802,1242252
210,340.1705810829334,340.1705810829334,261.46818985424017,210,139,32.06684695190544,32.06684695190544,1.0,1.0,1692.0433485076337,340.1705810829334,340.1705810829334,261.46818985424017,139,1692.0433485076337,1250526
273,257.0609582233289,257.06095822332895,251.9313355633355,273,140,28.717742769195084,28.717742769195084,1.0,1.0,1877.7884226485285,257.06095822332895,257.0609582233289,251.9313355633355,140,1877.7884226485285,1258652
181,392.2552179059603,392.2552179059603,293.49994544570905,181,141,35.88400161663554,35.88400161663554,1.0,1.0,1517.4645991163009,392.2552179059603,392.2552179059603,293.49994544570905,141,1517.4645991163009,1267292
213,339.3311482870815,339.3311482870815,306.51724323807196,213,142,10.928030292620099,10.928030292620099,1.0,1.0,2289.915089423126,339.3311482870815,339.3311482870815,306.51724323807196,142,2289.915089423126,1276186
189,418.56868505112124,418.56868505112124,296.7805968973429,189,143,36.44166002204087,36.44166002204087,1.0,1.0,1555.4779986875037,418.56868505112124,418.56868505112124,296.7805968973429,143,1555.4779986875037,1283951
213,356.21741245380855,356.21741245380855,250.39837458220262,213,144,33.482801019088804,33.482801019088804,1.0,1.0,1273.310753330871,356.21741245380855,356.21741245380855,250.39837458220262,144,1273.310753330871,1292673
185,375.39147161641614,375.39147161641614,277.38650110517665,185,145,61.12180671988203,61.12180671988203,1.0,1.0,1748.671348829367,375.39147161641614,375.39147161641614,277.38650110517665,145,1748.671348829367,1302073
202,369.7128156612982,369.7128156612981,271.2437501683022,202,146,12.960341282594623,12.960341282594623,1.0,1.0,1997.803565867792,369.7128156612981,369.7128156612982,271.2437501683022,146,1997.803565867792,1311332
189,377.4315992988863,377.4315992988863,369.3240874301065,189,147,48.322647193144604,48.322647193144604,1.0,1.0,2567.720433529633,377.4315992988863,377.4315992988863,369.3240874301065,147,2567.720433529633,1319964
195,382.94532112992215,382.94532112992215,305.72122532676667,195,148,42.210712902823765,42.210712902823765,1.0,1.0,1742.9416689586508,382.94532112992215,382.94532112992215,305.72122532676667,148,1742.9416689586508,1328710
185,427.5619520143297,427.56195201432956,285.11157041202574,185,149,50.00356097565181,50.00356097565181,1.0,1.0,1769.2639058973157,427.56195201432956,427.5619520143297,285.11157041202574,149,1769.2639058973157,1337039
225,275.46449924370654,275.46449924370654,232.17631037420824,225,150,42.31488211256516,42.31488211256516,1.0,1.0,1298.6271080840427,275.46449924370654,275.46449924370654,232.17631037420824,150,1298.6271080840427,1346796
218,304.5741196080289,304.5741196080289,241.6389821402814,218,151,33.186385090356694,33.186385090356694,1.0,1.0,1827.2807695432848,304.5741196080289,304.5741196080289,241.6389821402814,151,1827.2807695432848,1355892
235,263.49503793765456,263.4950379376545,231.05133659272627,235,152,42.89673216983123,42.89673216983123,1.0,1.0,1656.8492005851715,263.4950379376545,263.49503793765456,231.05133659272627,152,1656.8492005851715,1364623
288,164.29714499808637,164.29714499808637,145.94524305619746,288,153,5.657029071927628,5.657029071927628,1.0,1.0,892.6332336614971,164.29714499808637,164.29714499808637,145.94524305619746,153,892.6332336614971,1373239
216,369.8542866022046,369.8542866022046,286.1103936294047,216,154,18.199667532973564,18.199667532973564,1.0,1.0,1225.6920213822882,369.8542866022046,369.8542866022046,286.1103936294047,154,1225.6920213822882,1381639
215,329.99552324544015,329.99552324544015,235.97196269201942,215,155,30.41223634124709,30.41223634124709,1.0,1.0,1179.284923001082,329.99552324544015,329.99552324544015,235.97196269201942,155,1179.284923001082,1389790
244,256.93893109808556,256.93893109808556,224.74348793947615,244,156,18.157283838403803,18.157283838403803,1.0,1.0,1495.937642454187,256.93893109808556,256.93893109808556,224.74348793947615,156,1495.937642454187,1398288
207,333.342046327564,333.34204632756405,276.2597613733058,207,157,31.660093721677107,31.660093721677107,1.0,1.0,1464.0522955857914,333.34204632756405,333.342046327564,276.2597613733058,157,1464.0522955857914,1406994
195,369.76075251334277,369.76075251334277,285.6445712407923,195,158,31.4367478770481,31.4367478770481,1.0,1.0,1566.1213116601848,369.76075251334277,369.76075251334277,285.6445712407923,158,1566.1213116601848,1415252
199,374.17154022447875,374.17154022447875,339.62788570686206,199,159,8.271965385992782,8.271965385992782,1.0,1.0,2242.656333484108,374.17154022447875,374.17154022447875,339.62788570686206,159,2242.656333484108,1424245
214,319.4780381255543,319.47803812555435,212.67327756344227,214,160,7.329376973213304,7.329376973213304,1.0,1.0,1118.0593392054725,319.47803812555435,319.4780381255543,212.67327756344227,160,1118.0593392054725,1433322
222,265.72310740451013,265.72310740451013,234.51951639419704,222,161,37.138756438594626,37.138756438594626,1.0,1.0,1920.2324717606002,265.72310740451013,265.72310740451013,234.51951639419704,161,1920.2324717606002,1441522
295,160.82494166093085,160.82494166093085,148.19129246648245,295,162,31.056987633804724,31.056987633804724,1.0,1.0,1223.5329728581755,160.82494166093085,160.82494166093085,148.19129246648245,162,1223.5329728581755,1449403
267,191.06093712061406,191.06093712061406,215.60307802173435,267,163,28.821902642880932,28.821902642880932,1.0,1.0,2618.0516534455364,191.06093712061406,191.06093712061406,215.60307802173435,163,2618.0516534455364,1458242
234,234.97395420524933,234.97395420524933,244.6940185820826,234,164,48.3510664690239,48.3510664690239,1.0,1.0,1378.4511467851994,234.97395420524933,234.97395420524933,244.6940185820826,164,1378.4511467851994,1466069
202,307.8879271574206,307.88792715742056,256.7183292356802,202,165,43.94977813924623,43.94977813924623,1.0,1.0,1560.588489029333,307.88792715742056,307.8879271574206,256.7183292356802,165,1560.588489029333,1474383
194,343.7039041593908,343.7039041593908,307.79301735512433,194,166,41.09723522511088,41.09723522511088,1.0,1.0,2560.746230364474,343.7039041593908,343.7039041593908,307.79301735512433,166,2560.746230364474,1484544
178,405.4597235646616,405.4597235646616,357.83018084419683,178,167,38.25413815315373,38.25413815315373,1.0,1.0,2180.387430727533,405.4597235646616,405.4597235646616,357.83018084419683,167,2180.387430727533,1493211
213,283.7908671644244,283.7908671644244,252.39256394305335,213,168,40.30229356363151,40.30229356363151,1.0,1.0,1781.3338249530336,283.7908671644244,283.7908671644244,252.39256394305335,168,1781.3338249530336,1501357
258,204.14495100521535,204.14495100521532,231.09909218499584,258,169,-8.796404403807879,-8.796404403807879,1.0,1.0,1523.593240174098,204.14495100521532,204.14495100521535,231.09909218499584,169,1523.593240174098,1508911
254,216.14508801165456,216.14508801165456,264.5848807148674,254,170,41.39516153385729,41.39516153385729,1.0,1.0,2493.8448689596325,216.14508801165456,216.14508801165456,264.5848807148674,170,2493.8448689596325,1516624
199,333.8649196429646,333.8649196429647,278.12096079675047,199,171,14.18892967526111,14.18892967526111,1.0,1.0,1468.1513897673804,333.8649196429647,333.8649196429646,278.12096079675047,171,1468.1513897673804,1526458
189,387.9122821402394,387.9122821402395,291.5498696365876,189,172,42.59495306740372,42.59495306740372,1.0,1.0,1543.4273087127137,387.9122821402395,387.9122821402394,291.5498696365876,172,1543.4273087127137,1535586
209,323.72273552634056,323.7227355263405,234.0404472908369,209,173,38.300588133076175,38.300588133076175,1.0,1.0,2080.081998388829,323.7227355263405,323.72273552634056,234.0404472908369,173,2080.081998388829,1543606
204,334.8467058949731,334.846705894973,232.11854481704964,204,174,26.900047218850055,26.900047218850055,1.0,1.0,1738.751813949519,334.846705894973,334.8467058949731,232.11854481704964,174,1738.751813949519,1551879
238,298.21208012523056,298.21208012523056,242.9231132729499,238,175,8.779084526125565,8.779084526125565,1.0,1.0,1707.4262255589335,298.21208012523056,298.21208012523056,242.9231132729499,175,1707.4262255589335,1559960
224,297.2426522125476,297.24265221254774,183.11929067187216,224,176,33.15355316076557,33.15355316076557,1.0,1.0,1496.2848269758094,297.24265221254774,297.2426522125476,183.11929067187216,176,1496.2848269758094,1567753
201,346.4970881126921,346.4970881126921,269.5572305035184,201,177,55.95495261305518,55.95495261305518,1.0,1.0,1705.2656014175157,346.4970881126921,346.4970881126921,269.5572305035184,177,1705.2656014175157,1575394
272,256.3267253499418,256.3267253499418,255.50211381858807,272,178,32.85448575355764,32.85448575355764,1.0,1.0,2771.741642618183,256.3267253499418,256.3267253499418,255.50211381858807,178,2771.741642618183,1583262
203,377.61439192111493,377.6143919211148,297.3061373210194,203,179,35.97323994874099,35.97323994874099,1.0,1.0,1674.5032312698502,377.6143919211148,377.61439192111493,297.3061373210194,179,1674.5032312698502,1591176
265,277.82661195452005,277.82661195452005,255.50201650154895,265,180,6.77818561480048,6.77818561480048,1.0,1.0,1944.121278102694,277.82661195452005,277.82661195452005,255.50201650154895,180,1944.121278102694,1599617
235,303.1374120007736,303.13741200077374,252.1563816774809,235,181,7.387774019101827,7.387774019101827,1.0,1.0,1713.0774308812413,303.13741200077374,303.1374120007736,252.1563816774809,181,1713.0774308812413,1608057
243,270.09881860636824,270.09881860636824,152.04084701532463,243,182,16.58884014737365,16.58884014737365,1.0,1.0,967.9045043422708,270.09881860636824,270.09881860636824,152.04084701532463,182,967.9045043422708,1616312
269,245.4596138428413,245.4596138428413,185.26236281583567,269,183,4.507923866311333,4.507923866311333,1.0,1.0,1233.0237712652763,245.4596138428413,245.4596138428413,185.26236281583567,183,1233.0237712652763,1625850
286,227.001074908427,227.001074908427,191.04561987075076,286,184,3.5588897236376953,3.5588897236376953,1.0,1.0,1391.6803117682925,227.001074908427,227.001074908427,191.04561987075076,184,1391.6803117682925,1633755
221,319.02105772042967,319.02105772042967,196.16872741683298,221,185,27.871904407974558,27.871904407974558,1.0,1.0,1168.7539100671343,319.02105772042967,319.02105772042967,196.16872741683298,185,1168.7539100671343,1641672
238,286.34973809013445,286.3497380901344,243.65527192179658,238,186,9.061990893732881,9.061990893732881,1.0,1.0,1700.9985380679873,286.3497380901344,286.34973809013445,243.65527192179658,186,1700.9985380679873,1649630
238,300.67366257323243,300.67366257323243,279.82082429650035,238,187,14.194935993147832,14.194935993147832,1.0,1.0,2278.0314431210754,300.67366257323243,300.67366257323243,279.82082429650035,187,2278.0314431210754,1658040
208,314.60236005770923,314.6023600577092,233.35442760124084,208,188,33.28106607013996,33.28106607013996,1.0,1.0,1479.8996765851011,314.6023600577092,314.60236005770923,233.35442760124084,188,1479.8996765851011,1666315
220,329.4981962429595,329.4981962429595,252.4930270796906,220,189,41.10766597775092,41.10766597775092,1.0,1.0,2157.5161882565344,329.4981962429595,329.4981962429595,252.4930270796906,189,2157.5161882565344,1674542
241,264.0108902539528,264.0108902539528,185.71027801170706,241,190,13.90223132426838,13.90223132426838,1.0,1.0,1320.3776045941324,264.0108902539528,264.0108902539528,185.71027801170706,190,1320.3776045941324,1682279
232,325.1672934674983,325.1672934674983,269.805546792022,232,191,-0.20304841338917545,-0.20304841338917545,1.0,1.0,1548.3856534966558,325.1672934674983,325.1672934674983,269.805546792022,191,1548.3856534966558,1690472
237,313.71971147128744,313.7197114712874,234.08528277004754,237,192,31.690895974597986,31.690895974597986,1.0,1.0,1370.5816797574212,313.7197114712874,313.71971147128744,234.08528277004754,192,1370.5816797574212,1698343
223,252.9707274732797,252.9707274732797,201.16881318998696,223,193,45.72743841725121,45.72743841725121,1.0,1.0,1477.4086541961813,252.9707274732797,252.9707274732797,201.16881318998696,193,1477.4086541961813,1706085
211,367.16632667359266,367.1663266735927,270.09786643150954,211,194,33.52212501318183,33.52212501318183,1.0,1.0,2423.2785978658117,367.1663266735927,367.16632667359266,270.09786643150954,194,2423.2785978658117,1714163
253,274.3883447843432,274.3883447843433,179.65623553201024,253,195,19.27500240227927,19.27500240227927,1.0,1.0,1352.3353780192906,274.3883447843433,274.3883447843432,179.65623553201024,195,1352.3353780192906,1722100
217,322.18525211380495,322.18525211380495,228.64126039953575,217,196,26.52289481601833,26.52289481601833,1.0,1.0,1467.099612406325,322.18525211380495,322.18525211380495,228.64126039953575,196,1467.099612406325,1730065
210,343.77910462442753,343.77910462442753,247.48660848415895,210,197,25.303555042474912,25.303555042474912,1.0,1.0,1893.261873444921,343.77910462442753,343.77910462442753,247.48660848415895,197,1893.261873444921,1738582
223,333.28172121782495,333.28172121782507,251.1853770744045,223,198,35.23134589556241,35.23134589556241,1.0,1.0,2129.125203805552,333.28172121782507,333.28172121782495,251.1853770744045,198,2129.125203805552,1746387
217,332.5255943604514,332.52559436045135,216.5720584632164,217,199,41.691400015364245,41.691400015364245,1.0,1.0,1065.971941604157,332.52559436045135,332.5255943604514,216.5720584632164,199,1065.971941604157,1754244
231,299.385054453039,299.385054453039,185.21367645758988,231,200,31.890678095000677,31.890678095000677,1.0,1.0,1310.8495237738305,299.385054453039,299.385054453039,185.21367645758988,200,1310.8495237738305,1761989
256,229.68564147409046,229.68564147409046,163.81564285894964,256,201,25.743163970771214,25.743163970771214,1.0,1.0,922.1158603172455,229.68564147409046,229.68564147409046,163.81564285894964,201,922.1158603172455,1770561
239,266.3783922372443,266.37839223724427,203.25371330505118,239,202,24.041730558002374,24.041730558002374,1.0,1.0,1159.362325480711,266.37839223724427,266.3783922372443,203.25371330505118,202,1159.362325480711,1778493
251,210.78315975196182,210.78315975196185,147.9864428194174,251,203,35.69705792773704,35.69705792773704,1.0,1.0,934.3069553374178,210.78315975196185,210.78315975196182,147.9864428194174,203,934.3069553374178,1786668
246,233.683608359124,233.683608359124,203.21509072803957,246,204,19.3004020593179,19.3004020593179,1.0,1.0,1615.7509166262923,233.683608359124,233.683608359124,203.21509072803957,204,1615.7509166262923,1794582
245,254.80716491070734,254.80716491070734,185.9821328370741,245,205,26.713351831473858,26.713351831473858,1.0,1.0,1268.7037038197836,254.80716491070734,254.80716491070734,185.9821328370741,205,1268.7037038197836,1802875
305,155.46964607384723,155.46964607384723,125.43610839812435,305,206,11.083515760501541,11.083515760501541,1.0,1.0,986.1589616965764,155.46964607384723,155.46964607384723,125.43610839812435,206,986.1589616965764,1810588
251,260.01720424449144,260.01720424449144,192.59307267323635,251,207,23.033679886693964,23.033679886693964,1.0,1.0,1319.5289138672172,260.01720424449144,260.01720424449144,192.59307267323635,207,1319.5289138672172,1818594
207,364.59363348298126,364.59363348298126,224.46469684410678,207,208,25.930082029034367,25.930082029034367,1.0,1.0,1167.7161324385377,364.59363348298126,364.59363348298126,224.46469684410678,208,1167.7161324385377,1827190
238,284.28920333181867,284.28920333181867,168.69893507514902,238,209,19.87793781451218,19.87793781451218,1.0,1.0,998.1633710471142,284.28920333181867,284.28920333181867,168.69893507514902,209,998.1633710471142,1835623
268,270.9935764565867,270.9935764565867,245.38370687260007,268,210,8.13670250653323,8.13670250653323,1.0,1.0,1861.9175347151333,270.9935764565867,270.9935764565867,245.38370687260007,210,1861.9175347151333,1843101
212,350.23243617927307,350.23243617927307,267.42425885674845,212,211,21.545251422403553,21.545251422403553,1.0,1.0,1798.2343287963874,350.23243617927307,350.23243617927307,267.42425885674845,211,1798.2343287963874,1850737
259,272.64540461685255,272.64540461685255,176.57745468627272,259,212,6.092938667853792,6.092938667853792,1.0,1.0,1267.0918142192313,272.64540461685255,272.64540461685255,176.57745468627272,212,1267.0918142192313,1859008
288,235.5003762947781,235.5003762947781,187.91996441115148,288,213,22.99969126326013,22.99969126326013,1.0,1.0,1291.5089012698015,235.5003762947781,235.5003762947781,187.91996441115148,213,1291.5089012698015,1867131
256,291.81576074488385,291.81576074488385,307.4992613236978,256,214,15.631856890342718,15.631856890342718,1.0,1.0,2095.1428605143515,291.81576074488385,291.81576074488385,307.4992613236978,214,2095.1428605143515,1874749
311,217.55998106369947,217.55998106369947,214.68574986841813,311,215,4.262408776678231,4.262408776678231,1.0,1.0,1844.1562025698256,217.55998106369947,217.55998106369947,214.68574986841813,215,1844.1562025698256,1883745
228,325.87808924610215,325.87808924610215,283.6688796696112,228,216,13.480796789298022,13.480796789298022,1.0,1.0,1761.5395199670127,325.87808924610215,325.87808924610215,283.6688796696112,216,1761.5395199670127,1891958
321,206.60807727987947,206.60807727987944,195.34334634703382,321,217,11.857739153077368,11.857739153077368,1.0,1.0,1206.627703813163,206.60807727987944,206.60807727987947,195.34334634703382,217,1206.627703813163,1900208
357,175.1704412702582,175.1704412702582,168.25266354030072,357,218,8.968909374195709,8.968909374195709,1.0,1.0,1277.6587909439259,175.1704412702582,175.1704412702582,168.25266354030072,218,1277.6587909439259,1909695
380,144.22669581716454,144.22669581716454,128.5378561769035,380,219,7.143565335032921,7.143565335032921,1.0,1.0,901.5517028199333,144.22669581716454,144.22669581716454,128.5378561769035,219,901.5517028199333,1918017
287,260.3681554714649,260.3681554714649,265.58097016766425,287,220,16.72292467117026,16.72292467117026,1.0,1.0,1627.980699038791,260.3681554714649,260.3681554714649,265.58097016766425,220,1627.980699038791,1925941
317,202.57610179716286,202.57610179716286,179.10971076460802,317,221,9.945881185521152,9.945881185521152,1.0,1.0,1455.9646902726724,202.57610179716286,202.57610179716286,179.10971076460802,221,1455.9646902726724,1933642
379,162.62612422059053,162.6261242205905,185.93923991459064,379,222,2.0095818248804838,2.0095818248804838,1.0,1.0,2185.0669850411464,162.6261242205905,162.62612422059053,185.93923991459064,222,2185.0669850411464,1942971
274,261.7473886678301,261.74738866783,295.84680881463333,274,223,15.217284668389746,15.217284668389746,1.0,1.0,2509.9855739667523,261.74738866783,261.7473886678301,295.84680881463333,223,2509.9855739667523,1950736
301,229.30437998285097,229.30437998285097,214.39519317246757,301,224,5.943446156012663,5.943446156012663,1.0,1.0,1190.4626848774021,229.30437998285097,229.30437998285097,214.39519317246757,224,1190.4626848774021,1958724
292,238.14959060170605,238.14959060170605,178.10989562747224,292,225,13.616688618502023,13.616688618502023,1.0,1.0,1199.2859534178738,238.14959060170605,238.14959060170605,178.10989562747224,225,1199.2859534178738,1966716
386,164.11209254108527,164.11209254108527,176.1827475659839,386,226,3.1225254575345485,3.1225254575345485,1.0,1.0,1385.0358181099823,164.11209254108527,164.11209254108527,176.1827475659839,226,1385.0358181099823,1974717
227,334.5098032039746,334.5098032039746,231.3169483760691,227,227,17.419532869583772,17.419532869583772,1.0,1.0,1765.3158753433354,334.5098032039746,334.5098032039746,231.3169483760691,227,1765.3158753433354,1983187
354,186.29872588845703,186.29872588845703,160.92760297151455,354,228,13.153058438377519,13.153058438377519,1.0,1.0,1483.101194486116,186.29872588845703,186.29872588845703,160.92760297151455,228,1483.101194486116,1990897
371,146.49487643438943,146.49487643438943,167.42952285161823,371,229,1.5790400589683316,1.5790400589683316,1.0,1.0,1370.2488916383732,146.49487643438943,146.49487643438943,167.42952285161823,229,1370.2488916383732,1998875
313,211.85745304702556,211.8574530470255,129.08079573479924,313,230,7.6508913067563435,7.6508913067563435,1.0,1.0,1096.6410994115083,211.8574530470255,211.85745304702556,129.08079573479924,230,1096.6410994115083,2008071
318,214.35277721273502,214.35277721273502,164.9859093809838,318,231,9.718395769609394,9.718395769609394,1.0,1.0,1185.8108792190892,214.35277721273502,214.35277721273502,164.9859093809838,231,1185.8108792190892,2015925
327,189.05909058250472,189.05909058250472,170.41678280503436,327,232,5.683067041705355,5.683067041705355,0.9969418960244648,0.9969418960244648,1102.6190949276906,189.05909058250472,189.05909058250472,170.41678280503436,232,1102.6190949276906,2023587
255,281.0459769832115,281.0459769832115,178.11581554656857,255,233,18.778689879969484,18.778689879969484,1.0,1.0,1166.6977963379943,281.0459769832115,281.0459769832115,178.11581554656857,233,1166.6977963379943,2031621
352,180.39715420518382,180.39715420518382,155.03336133210144,352,234,10.835822772733502,10.835822772733502,1.0,1.0,1306.4357178253665,180.39715420518382,180.39715420518382,155.03336133210144,234,1306.4357178253665,2039457
358,170.98312562634297,170.98312562634297,146.0551126285024,358,235,12.744749833024219,12.744749833024219,1.0,1.0,1161.8093620764541,170.98312562634297,170.98312562634297,146.0551126285024,235,1161.8093620764541,2047427
384,159.00841556065583,159.00841556065586,164.24286330610923,384,236,13.691620345680056,13.691620345680056,1.0,1.0,1442.2521295573445,159.00841556065586,159.00841556065583,164.24286330610923,236,1442.2521295573445,2055478
282,243.9943835669022,243.9943835669022,151.72596322620416,282,237,8.982135968384199,8.982135968384199,1.0,1.0,1418.073014038958,243.9943835669022,243.9943835669022,151.72596322620416,237,1418.073014038958,2063943
308,219.25551249548525,219.25551249548525,120.69124647513459,308,238,9.99233355163082,9.99233355163082,1.0,1.0,880.7824472669975,219.25551249548525,219.25551249548525,120.69124647513459,238,880.7824472669975,2072246
310,198.94276287329376,198.94276287329376,180.51918475255852,310,239,6.274543408427013,6.274543408427013,1.0,1.0,1758.7478140916292,198.94276287329376,198.94276287329376,180.51918475255852,239,1758.7478140916292,2080150
286,252.79601687354554,252.79601687354554,227.13433700796836,286,240,14.20514688663595,14.20514688663595,1.0,1.0,1420.7152915831039,252.79601687354554,252.79601687354554,227.13433700796836,240,1420.7152915831039,2087900
292,222.44199646785523,222.44199646785523,165.23516962554663,292,241,10.349722999709394,10.349722999709394,1.0,1.0,1400.2121240806466,222.44199646785523,222.44199646785523,165.23516962554663,241,1400.2121240806466,2096656
319,191.78423884672904,191.78423884672904,144.42070015251184,319,242,9.54053876793873,9.54053876793873,1.0,1.0,1180.0678543605889,191.78423884672904,191.78423884672904,144.42070015251184,242,1180.0678543605889,2104797
335,182.87375518504484,182.87375518504484,140.3726018197937,335,243,7.460286218970163,7.460286218970163,1.0,1.0,1023.4016720088118,182.87375518504484,182.87375518504484,140.3726018197937,243,1023.4016720088118,2113109
277,262.2911333887376,262.2911333887376,241.99854104488767,277,244,7.942067355032198,7.942067355032198,1.0,1.0,2419.3482567930955,262.2911333887376,262.2911333887376,241.99854104488767,244,2419.3482567930955,2120944
299,218.21235538961133,218.21235538961133,165.53488825607099,299,245,8.129540135852519,8.129540135852519,1.0,1.0,1055.3299628117122,218.21235538961133,218.21235538961133,165.53488825607099,245,1055.3299628117122,2129752
279,235.58114547935602,235.581145479356,157.03877480903358,279,246,18.518546507991744,18.518546507991744,1.0,1.0,1141.0314054024047,235.581145479356,235.58114547935602,157.03877480903358,246,1141.0314054024047,2137295
257,271.35978830529183,271.35978830529183,170.1783034629804,257,247,10.108757451165275,10.108757451165275,1.0,1.0,937.7134973051585,271.35978830529183,271.35978830529183,170.1783034629804,247,937.7134973051585,2146082
237,305.3603262151097,305.36032621510964,220.37780010467011,237,248,15.034021931671159,15.034021931671159,1.0,1.0,1767.0402417299417,305.36032621510964,305.3603262151097,220.37780010467011,248,1767.0402417299417,2153991
223,293.23178406428406,293.23178406428406,256.72558446737827,223,249,17.780338055016152,17.780338055016152,1.0,1.0,2536.0806522124517,293.23178406428406,293.23178406428406,256.72558446737827,249,2536.0806522124517,2161736
266,269.7437117277973,269.74371172779735,184.00414954802693,266,250,6.26821295586965,6.26821295586965,1.0,1.0,1282.6498137258156,269.74371172779735,269.7437117277973,184.00414954802693,250,1282.6498137258156,2169896
329,183.26528724909087,183.26528724909087,120.99823820387046,329,251,2.573884265823251,2.573884265823251,1.0,1.0,929.1873767098788,183.26528724909087,183.26528724909087,120.99823820387046,251,929.1873767098788,2177914
266,249.94577935239002,249.94577935239002,208.80652341016238,266,252,6.086396185647242,6.086396185647242,1.0,1.0,1109.893309748826,249.94577935239002,249.94577935239002,208.80652341016238,252,1109.893309748826,2186283
304,198.50551367794384,198.50551367794384,175.67293255979644,304,253,4.3196746897018325,4.3196746897018325,1.0,1.0,1313.344794897011,198.50551367794384,198.50551367794384,175.67293255979644,253,1313.344794897011,2194705
250,256.40776198258567,256.4077619825857,185.90082493159198,250,254,3.4551097524430596,3.4551097524430596,1.0,1.0,1564.380354225509,256.4077619825857,256.40776198258567,185.90082493159198,254,1564.380354225509,2202944
274,263.89809450499644,263.89809450499644,165.89355236143538,274,255,11.591563745506964,11.591563745506964,1.0,1.0,1237.035031885137,263.89809450499644,263.89809450499644,165.89355236143538,255,1237.035031885137,2211061
244,294.09269072059163,294.09269072059163,197.5243311295136,244,256,4.455584324100709,4.455584324100709,1.0,1.0,1294.0385140656151,294.09269072059163,294.09269072059163,197.5243311295136,256,1294.0385140656151,2218854
279,245.4609331768339,245.4609331768339,170.46066815814038,279,257,15.568928345893314,15.568928345893314,1.0,1.0,1355.7608000713603,245.4609331768339,245.4609331768339,170.46066815814038,257,1355.7608000713603,2226860
229,293.00352044864997,293.00352044864997,206.5922127539589,229,258,10.483274516972564,10.483274516972564,1.0,1.0,1567.3604669284164,293.00352044864997,293.00352044864997,206.5922127539589,258,1567.3604669284164,2235349
290,222.22283788724434,222.22283788724437,199.38935114794845,290,259,12.86670789024409,12.86670789024409,1.0,1.0,1049.667294173052,222.22283788724437,222.22283788724434,199.38935114794845,259,1049.667294173052,2243619
207,339.7115308268196,339.7115308268196,265.32772603035755,207,260,2.411177127640797,2.411177127640797,1.0,1.0,1555.0702902957107,339.7115308268196,339.7115308268196,265.32772603035755,260,1555.0702902957107,2251639
218,320.2683122334093,320.2683122334093,250.05272592001177,218,261,4.621740273969859,4.621740273969859,1.0,1.0,1532.8425276312594,320.2683122334093,320.2683122334093,250.05272592001177,261,1532.8425276312594,2259548
235,293.1454823092342,293.1454823092342,236.32706540247915,235,262,0.33692033041142355,0.33692033041142355,1.0,1.0,1102.8220039435596,293.1454823092342,293.1454823092342,236.32706540247915,262,1102.8220039435596,2267242
216,341.57105484293544,341.5710548429354,249.15948537152943,216,263,-1.0472285941084156,-1.0472285941084156,1.0,1.0,1255.287926029435,341.5710548429354,341.57105484293544,249.15948537152943,263,1255.287926029435,2274985
268,247.34721232279682,247.34721232279682,173.90232239486625,268,264,3.500887715555452,3.500887715555452,1.0,1.0,1559.4636435297152,247.34721232279682,247.34721232279682,173.90232239486625,264,1559.4636435297152,2282605
232,316.39619675947824,316.3961967594782,240.01653684185052,232,265,22.08226374816278,22.08226374816278,1.0,1.0,1366.4699554919102,316.3961967594782,316.39619675947824,240.01653684185052,265,1366.4699554919102,2290552
256,247.02894569418402,247.02894569418405,202.82418277193548,256,266,14.630390788166961,14.630390788166961,1.0,1.0,1209.9178061359676,247.02894569418405,247.02894569418402,202.82418277193548,266,1209.9178061359676,2298552
219,324.3025835873635,324.3025835873635,252.01323987589743,219,267,25.2799318576785,25.2799318576785,1.0,1.0,1807.6918344313394,324.3025835873635,324.3025835873635,252.01323987589743,267,1807.6918344313394,2306405
250,275.9350086938256,275.9350086938256,177.68668373155123,250,268,18.920625965207616,18.920625965207616,1.0,1.0,1507.948498811164,275.9350086938256,275.9350086938256,177.68668373155123,268,1507.948498811164,2313899
230,336.5627854872666,336.5627854872666,276.23232695890096,230,269,-19.071653506540105,-19.071653506540105,1.0,1.0,1842.1695958656899,336.5627854872666,336.5627854872666,276.23232695890096,269,1842.1695958656899,2322206
232,289.31753210510715,289.31753210510715,177.68246370506628,232,270,19.867769959241986,19.867769959241986,1.0,1.0,1107.6011878238382,289.31753210510715,289.31753210510715,177.68246370506628,270,1107.6011878238382,2329889
231,302.9906495713734,302.9906495713734,212.24299607558734,231,271,1.0619096759847846,1.0619096759847846,1.0,1.0,1091.4706604521407,302.9906495713734,302.9906495713734,212.24299607558734,271,1091.4706604521407,2338276
248,250.40187823278544,250.4018782327854,176.9824864637343,248,272,23.18301466035363,23.18301466035363,1.0,1.0,1305.39646968504,250.4018782327854,250.40187823278544,176.9824864637343,272,1305.39646968504,2345950
235,261.5035736214706,261.5035736214706,193.39064945467476,235,273,3.6551857337697884,3.6551857337697884,1.0,1.0,1100.4521559689426,261.5035736214706,261.5035736214706,193.39064945467476,273,1100.4521559689426,2353220
208,345.47357504310065,345.47357504310065,258.99353147184195,208,274,14.517095512014546,14.517095512014546,1.0,1.0,1685.4011445758492,345.47357504310065,345.47357504310065,258.99353147184195,274,1685.4011445758492,2360746
287,220.0477387432551,220.0477387432551,174.3178467675417,287,275,-26.40830633572761,-26.40830633572761,1.0,1.0,1146.7139371547498,220.0477387432551,220.0477387432551,174.3178467675417,275,1146.7139371547498,2368480
219,344.0819684932194,344.0819684932194,308.8387202891544,219,276,13.711299876913959,13.711299876913959,1.0,1.0,1931.2008790528616,344.0819684932194,344.0819684932194,308.8387202891544,276,1931.2008790528616,2375825
276,235.74557418368698,235.74557418368698,185.5947871375702,276,277,21.68381731051856,21.68381731051856,1.0,1.0,1231.208607518741,235.74557418368698,235.74557418368698,185.5947871375702,277,1231.208607518741,2383396
264,262.17214432872214,262.17214432872214,177.68100132188107,264,278,8.525335882415831,8.525335882415831,1.0,1.0,1082.2315787286168,262.17214432872214,262.17214432872214,177.68100132188107,278,1082.2315787286168,2391267
266,267.7149009841613,267.71490098416126,180.26347484798487,266,279,24.464176438587405,24.464176438587405,1.0,1.0,1126.5500647195413,267.71490098416126,267.7149009841613,180.26347484798487,279,1126.5500647195413,2398746
146,579.289987935668,579.289987935668,477.4556328188099,146,280,17.637756111974255,17.637756111974255,1.0,1.0,2113.7403278278043,579.289987935668,579.289987935668,477.4556328188099,280,2113.7403278278043,2406579
188,429.4049714102229,429.40497141022297,339.0454835425082,188,281,22.366248983932582,22.366248983932582,1.0,1.0,2550.8205456290643,429.40497141022297,429.4049714102229,339.0454835425082,281,2550.8205456290643,2414443
194,434.42102639648425,434.42102639648425,289.0495778366492,194,282,43.17049018512036,43.17049018512036,1.0,1.0,1498.297449117789,434.42102639648425,434.42102639648425,289.0495778366492,282,1498.297449117789,2422409
203,373.1256876656843,373.1256876656844,312.61284397880877,203,283,22.065161276851164,22.065161276851164,1.0,1.0,2740.9375501399168,373.1256876656844,373.1256876656843,312.61284397880877,283,2740.9375501399168,2430157
199,385.315669675739,385.3156696757389,301.38903313053413,199,284,35.618609444845035,35.618609444845035,1.0,1.0,2263.5285475582527,385.3156696757389,385.315669675739,301.38903313053413,284,2263.5285475582527,2438128
222,333.7504021844446,333.7504021844446,229.0461326604597,222,285,9.500635931874097,9.500635931874097,1.0,1.0,1517.1326228320588,333.7504021844446,333.7504021844446,229.0461326604597,285,1517.1326228320588,2446307
192,394.3274932265726,394.3274932265726,297.33665052263683,192,286,32.01250187335454,32.01250187335454,1.0,1.0,1927.814561912939,394.3274932265726,394.3274932265726,297.33665052263683,286,1927.814561912939,2453942
235,320.0633220781497,320.0633220781498,239.39053666762445,235,287,11.309727961025024,11.309727961025024,1.0,1.0,1339.2036336684732,320.0633220781498,320.0633220781497,239.39053666762445,287,1339.2036336684732,2462137
248,317.23753589050057,317.23753589050057,265.94604122637304,248,288,24.4066146173531,24.4066146173531,1.0,1.0,2186.1044486304104,317.23753589050057,317.23753589050057,265.94604122637304,288,2186.1044486304104,2469974
246,280.8718118198478,280.87181181984784,195.6952998991278,246,289,24.70743736721991,24.70743736721991,1.0,1.0,1155.8976991873128,280.87181181984784,280.8718118198478,195.6952998991278,289,1155.8976991873128,2477951
251,286.9213839578584,286.9213839578583,248.89907056834278,251,290,6.253705998970104,6.253705998970104,1.0,1.0,1654.802331166552,286.9213839578583,286.9213839578584,248.89907056834278,290,1654.802331166552,2485841
257,273.92941131750416,273.92941131750416,206.48063125434427,257,291,13.530120524896235,13.530120524896235,1.0,1.0,1598.7846406659396,273.92941131750416,273.92941131750416,206.48063125434427,291,1598.7846406659396,2493745
238,293.1191828602365,293.1191828602365,208.81865667503334,238,292,30.682723114468608,30.682723114468608,1.0,1.0,1273.284151177577,293.1191828602365,293.1191828602365,208.81865667503334,292,1273.284151177577,2501290
219,345.8826093049498,345.8826093049498,282.3830790351412,219,293,27.092529912795516,27.092529912795516,1.0,1.0,1743.9771298341475,345.8826093049498,345.8826093049498,282.3830790351412,293,1743.9771298341475,2508537
233,302.22556078948963,302.22556078948963,272.4674227656282,233,294,9.460642161950393,9.460642161950393,1.0,1.0,2173.249077727289,302.22556078948963,302.22556078948963,272.4674227656282,294,2173.249077727289,2516415
287,230.52650930470534,230.5265093047054,147.5097728787319,287,295,10.441629651134122,10.441629651134122,1.0,1.0,960.7315248534036,230.5265093047054,230.52650930470534,147.5097728787319,295,960.7315248534036,2523913
211,338.68527020254555,338.68527020254555,300.9757202768414,211,296,25.978963178193133,25.978963178193133,1.0,1.0,1908.9438880541488,338.68527020254555,338.68527020254555,300.9757202768414,296,1908.9438880541488,2531627
238,302.97008078550454,302.97008078550454,218.39758261007682,238,297,33.51570913848599,33.51570913848599,1.0,1.0,1073.6144000367556,302.97008078550454,302.97008078550454,218.39758261007682,297,1073.6144000367556,2539121
273,252.36934464155084,252.36934464155084,208.3731014373642,273,298,7.836380857364253,7.836380857364253,1.0,1.0,1332.0704170557894,252.36934464155084,252.36934464155084,208.3731014373642,298,1332.0704170557894,2546524
216,348.31641208052304,348.31641208052304,272.2281704384173,216,299,29.194397975171597,29.194397975171597,1.0,1.0,1927.5388163962677,348.31641208052304,348.31641208052304,272.2281704384173,299,1927.5388163962677,2553891
279,249.9440260214043,249.9440260214043,191.06894271803415,279,300,28.856159040189606,28.856159040189606,1.0,1.0,1503.5784034367587,249.9440260214043,249.9440260214043,191.06894271803415,300,1503.5784034367587,2561735
238,306.93785516201,306.93785516201,236.36894055063306,238,301,5.00775580380078,5.00775580380078,1.0,1.0,1195.7281691999162,306.93785516201,306.93785516201,236.36894055063306,301,1195.7281691999162,2569642
263,271.34268986962917,271.34268986962917,222.2458789305859,263,302,24.60088711184717,24.60088711184717,1.0,1.0,1784.8618811507795,271.34268986962917,271.34268986962917,222.2458789305859,302,1784.8618811507795,2577147
266,262.97420249329605,262.97420249329605,208.93222105816903,266,303,11.281568912727707,11.281568912727707,1.0,1.0,1397.575920048675,262.97420249329605,262.97420249329605,208.93222105816903,303,1397.575920048675,2584893
223,329.58376790180887,329.5837679018089,243.0803507468116,223,304,25.131391924573837,25.131391924573837,1.0,1.0,1423.8676753855514,329.5837679018089,329.58376790180887,243.0803507468116,304,1423.8676753855514,2592504
221,323.01437963426173,323.0143796342617,230.80661189285394,221,305,28.46108240118812,28.46108240118812,1.0,1.0,1761.0779961060637,323.0143796342617,323.01437963426173,230.80661189285394,305,1761.0779961060637,2600494
232,293.8507423398756,293.8507423398756,194.49154944162845,232,306,6.511813115428976,6.511813115428976,1.0,1.0,1155.4551390924812,293.8507423398756,293.8507423398756,194.49154944162845,306,1155.4551390924812,2608504
206,396.43901900147864,396.4390190014785,336.86596267284943,206,307,26.48172643790516,26.48172643790516,1.0,1.0,1894.0772155384986,396.4390190014785,396.43901900147864,336.86596267284943,307,1894.0772155384986,2616063
230,325.3620657286868,325.36206572868684,232.4646832606722,230,308,24.609356384489207,24.609356384489207,1.0,1.0,1440.9181750555417,325.36206572868684,325.3620657286868,232.4646832606722,308,1440.9181750555417,2623768
236,326.83422016922265,326.83422016922265,317.38141994381516,236,309,31.182643590925903,31.182643590925903,1.0,1.0,2649.2934603319804,326.83422016922265,326.83422016922265,317.38141994381516,309,2649.2934603319804,2631513
261,275.0536997480701,275.05369974807,244.47234280113878,261,310,24.451035576892508,24.451035576892508,1.0,1.0,1549.892331419387,275.05369974807,275.0536997480701,244.47234280113878,310,1549.892331419387,2639291
261,291.4478433329947,291.4478433329947,236.7638425236449,261,311,33.40690709393609,33.40690709393609,1.0,1.0,1680.3504537150689,291.4478433329947,291.4478433329947,236.7638425236449,311,1680.3504537150689,2647625
237,292.13936276885977,292.13936276885977,271.69278375214344,237,312,14.0401163008675,14.0401163008675,1.0,1.0,2150.4965697844473,292.13936276885977,292.13936276885977,271.69278375214344,312,2150.4965697844473,2655054
271,260.8768437352366,260.8768437352366,208.21402106483933,271,313,22.15799071065497,22.15799071065497,1.0,1.0,1255.8122742801302,260.8768437352366,260.8768437352366,208.21402106483933,313,1255.8122742801302,2662476
256,297.93155855120824,297.9315585512083,303.3604410652627,256,314,9.772189414311613,9.772189414311613,1.0,1.0,1949.6589338079882,297.9315585512083,297.93155855120824,303.3604410652627,314,1949.6589338079882,2670288
224,332.8985271482194,332.8985271482194,293.4778737534648,224,315,19.527650725025257,19.527650725025257,1.0,1.0,1749.8151787365011,332.8985271482194,332.8985271482194,293.4778737534648,315,1749.8151787365011,2677704
195,382.02561670673475,382.02561670673475,301.9679767605063,195,316,82.12575841658719,82.12575841658719,1.0,1.0,1729.6399998148997,382.02561670673475,382.02561670673475,301.9679767605063,316,1729.6399998148997,2685282
234,308.99462352099835,308.9946235209984,248.67313157878053,234,317,2.1108423041228312,2.1108423041228312,1.0,1.0,1528.773749337456,308.9946235209984,308.99462352099835,248.67313157878053,317,1528.773749337456,2693342
252,294.80815298187827,294.80815298187827,284.8695952653193,252,318,31.99769633537367,31.99769633537367,1.0,1.0,2123.545610195689,294.80815298187827,294.80815298187827,284.8695952653193,318,2123.545610195689,2701290
193,422.5735880060069,422.5735880060069,330.534527415107,193,319,5.180812872526511,5.180812872526511,1.0,1.0,1613.7079165721996,422.5735880060069,422.5735880060069,330.534527415107,319,1613.7079165721996,2708916
277,257.0255712314182,257.0255712314182,183.82123599099475,277,320,6.991940764124368,6.991940764124368,1.0,1.0,1198.9942997724545,257.0255712314182,257.0255712314182,183.82123599099475,320,1198.9942997724545,2716438
212,329.0915884906359,329.0915884906359,241.93168807660606,212,321,24.85673554560728,24.85673554560728,1.0,1.0,1551.1179163223223,329.0915884906359,329.0915884906359,241.93168807660606,321,1551.1179163223223,2724288
254,261.31262646639806,261.31262646639806,171.3836911362988,254,322,30.277616921622617,30.277616921622617,1.0,1.0,1077.3198975899375,261.31262646639806,261.31262646639806,171.3836911362988,322,1077.3198975899375,2732503
204,348.16405304095053,348.16405304095053,285.27447384072747,204,323,9.709093273598521,9.709093273598521,1.0,1.0,1575.958768359654,348.16405304095053,348.16405304095053,285.27447384072747,323,1575.958768359654,2740241
240,306.92778850833685,306.9277885083369,212.42110293196555,240,324,22.816314203040506,22.816314203040506,1.0,1.0,1418.138619883874,306.9277885083369,306.92778850833685,212.42110293196555,324,1418.138619883874,2748343
250,287.78073466934995,287.78073466934995,182.45109484146843,250,325,46.24005244840243,46.24005244840243,1.0,1.0,1182.5514436544836,287.78073466934995,287.78073466934995,182.45109484146843,325,1182.5514436544836,2756749
261,288.1212537759173,288.1212537759173,193.50069958098578,261,326,27.205099174690975,27.205099174690975,1.0,1.0,1037.8919706449087,288.1212537759173,288.1212537759173,193.50069958098578,326,1037.8919706449087,2764465
276,249.65058389929501,249.65058389929501,193.94469366676054,276,327,27.528200054119356,27.528200054119356,1.0,1.0,1178.2817469624617,249.65058389929501,249.65058389929501,193.94469366676054,327,1178.2817469624617,2772476
290,247.3161046930639,247.3161046930639,195.57599656505067,290,328,25.788127055658276,25.788127055658276,1.0,1.0,1321.361954204623,247.3161046930639,247.3161046930639,195.57599656505067,328,1321.361954204623,2780075
238,316.24995266129457,316.2499526612945,225.57218596603167,238,329,33.938682877378625,33.938682877378625,1.0,1.0,1431.5978544150096,316.2499526612945,316.24995266129457,225.57218596603167,329,1431.5978544150096,2787650
242,308.6920593128368,308.6920593128368,247.43285168756432,242,330,24.538463157849606,24.538463157849606,1.0,1.0,2161.7358488384943,308.6920593128368,308.6920593128368,247.43285168756432,330,2161.7358488384943,2795552
246,304.62138916302035,304.62138916302035,225.53709290819475,246,331,24.365182743741272,24.365182743741272,1.0,1.0,1722.3331291676618,304.62138916302035,304.62138916302035,225.53709290819475,331,1722.3331291676618,2803210
240,307.97539546620584,307.97539546620584,243.80927661807317,240,332,28.883504947897286,28.883504947897286,1.0,1.0,1707.9620987366845,307.97539546620584,307.97539546620584,243.80927661807317,332,1707.9620987366845,2811530
209,355.09643465840776,355.09643465840776,282.2750907347091,209,333,28.825045721454774,28.825045721454774,1.0,1.0,1801.2690633217262,355.09643465840776,355.09643465840776,282.2750907347091,333,1801.2690633217262,2819477
216,335.4337470047178,335.4337470047177,261.08098534402666,216,334,10.90194263360336,10.90194263360336,1.0,1.0,1681.0238666307891,335.4337470047177,335.4337470047178,261.08098534402666,334,1681.0238666307891,2827489
230,325.02203760188013,325.02203760188013,271.8653786335712,230,335,33.198615540635295,33.198615540635295,1.0,1.0,1512.96892665975,325.02203760188013,325.02203760188013,271.8653786335712,335,1512.96892665975,2835303
229,303.1613304273751,303.1613304273751,203.22406133927097,229,336,20.685462079487372,20.685462079487372,1.0,1.0,1488.8863977547876,303.1613304273751,303.1613304273751,203.22406133927097,336,1488.8863977547876,2843245
245,309.46185556803647,309.46185556803647,226.29139500022356,245,337,18.730463732422177,18.730463732422177,1.0,1.0,1467.321209482436,309.46185556803647,309.46185556803647,226.29139500022356,337,1467.321209482436,2850878
233,336.9860835599692,336.9860835599692,280.57775068277175,233,338,12.036723984009464,12.036723984009464,1.0,1.0,1646.8927672931763,336.9860835599692,336.9860835599692,280.57775068277175,338,1646.8927672931763,2858914
232,332.71518724467273,332.71518724467273,285.4978591999313,232,339,8.929232799734525,8.929232799734525,1.0,1.0,1981.114566922988,332.71518724467273,332.71518724467273,285.4978591999313,339,1981.114566922988,2866842
214,379.45712429434025,379.45712429434025,307.4643173289723,214,340,39.50568427939834,39.50568427939834,1.0,1.0,1700.3996063659715,379.45712429434025,379.45712429434025,307.4643173289723,340,1700.3996063659715,2874794
230,352.9492921945187,352.9492921945187,262.42406079057236,230,341,28.341963813785938,28.341963813785938,1.0,1.0,1504.0960986919622,352.9492921945187,352.9492921945187,262.42406079057236,341,1504.0960986919622,2882712
224,340.48127238327794,340.481272383278,307.49107845662775,224,342,30.915475968704655,30.915475968704655,1.0,1.0,2238.3483936857306,340.481272383278,340.48127238327794,307.49107845662775,342,2238.3483936857306,2890260
247,290.94390717147263,290.94390717147263,226.59532914090798,247,343,22.361078936924983,22.361078936924983,1.0,1.0,1989.0230006258378,290.94390717147263,290.94390717147263,226.59532914090798,343,1989.0230006258378,2898098
212,386.37374146050513,386.37374146050513,348.4901537514334,212,344,35.79293401839788,35.79293401839788,1.0,1.0,2483.4776013687324,386.37374146050513,386.37374146050513,348.4901537514334,344,2483.4776013687324,2905805
230,357.0496564311313,357.0496564311313,303.6684347775219,230,345,32.49220238653249,32.49220238653249,1.0,1.0,1561.8148807497437,357.0496564311313,357.0496564311313,303.6684347775219,345,1561.8148807497437,2913606
217,380.8287399879409,380.828739987941,311.60420880906815,217,346,14.992463434444058,14.992463434444058,1.0,1.0,1674.7851990770394,380.828739987941,380.8287399879409,311.60420880906815,346,1674.7851990770394,2921202
205,406.9510624631783,406.95106246317835,349.02618051681293,205,347,32.52077806776237,32.52077806776237,1.0,1.0,2401.7573554209216,406.95106246317835,406.9510624631783,349.02618051681293,347,2401.7573554209216,2928945
251,302.10309868979044,302.10309868979044,235.57324470601299,251,348,11.80082800273896,11.80082800273896,1.0,1.0,1512.6512245881183,302.10309868979044,302.10309868979044,235.57324470601299,348,1512.6512245881183,2936842
243,307.3421492821984,307.3421492821984,222.2691537042143,243,349,33.437615220583105,33.437615220583105,1.0,1.0,1278.0587387864502,307.3421492821984,307.3421492821984,222.2691537042143,349,1278.0587387864502,2944207
256,272.40171051486357,272.40171051486357,200.77671390802288,256,350,24.20995342532583,24.20995342532583,1.0,1.0,1311.3574862008852,272.40171051486357,272.40171051486357,200.77671390802288,350,1311.3574862008852,2951774
250,292.8188069829768,292.8188069829768,227.8191455414058,250,351,14.306037296135528,14.306037296135528,1.0,1.0,1688.1043494156172,292.8188069829768,292.8188069829768,227.8191455414058,351,1688.1043494156172,2959429
263,295.4201783005095,295.4201783005095,246.22165201069794,263,352,28.49756531893593,28.49756531893593,1.0,1.0,1585.114884724294,295.4201783005095,295.4201783005095,246.22165201069794,352,1585.114884724294,2967063
269,270.3414467334359,270.3414467334359,200.68360254700463,269,353,14.557736129309218,14.557736129309218,1.0,1.0,1164.0959626904462,270.3414467334359,270.3414467334359,200.68360254700463,353,1164.0959626904462,2975311
223,351.5286876089119,351.528687608912,347.2700233081214,223,354,39.87623538125339,39.87623538125339,1.0,1.0,2540.4273192886794,351.528687608912,351.5286876089119,347.2700233081214,354,2540.4273192886794,2983194
242,319.0811891022855,319.0811891022855,273.6095392358033,242,355,33.085283227365586,33.085283227365586,1.0,1.0,1539.414880454376,319.0811891022855,319.0811891022855,273.6095392358033,355,1539.414880454376,2990756
308,222.85576291521056,222.85576291521056,197.99129872629936,308,356,19.172837983273237,19.172837983273237,1.0,1.0,1452.1583160706875,222.85576291521056,222.85576291521056,197.99129872629936,356,1452.1583160706875,2998415
237,314.4992426807518,314.4992426807518,311.2049464950173,237,357,6.989562969379824,6.989562969379824,1.0,1.0,1578.6026879094195,314.4992426807518,314.4992426807518,311.2049464950173,357,1578.6026879094195,3006387
199,432.80243250909706,432.80243250909706,642.1860823750832,199,358,31.478234632744023,31.478234632744023,1.0,1.0,4286.061169351228,432.80243250909706,432.80243250909706,642.1860823750832,358,4286.061169351228,3013834
294,231.17545270406953,231.17545270406953,168.51046944904968,294,359,13.628612087237164,13.628612087237164,1.0,1.0,1589.7606332148541,231.17545270406953,231.17545270406953,168.51046944904968,359,1589.7606332148541,3021478
254,301.7285245217732,301.72852452177324,307.69850773471995,254,360,18.83232595989537,18.83232595989537,1.0,1.0,2159.9928799544437,301.72852452177324,301.7285245217732,307.69850773471995,360,2159.9928799544437,3029749
266,267.48313110739684,267.48313110739684,230.5967668199073,266,361,15.0454956150411,15.0454956150411,1.0,1.0,1562.3034467480963,267.48313110739684,267.48313110739684,230.5967668199073,361,1562.3034467480963,3037432
234,299.14370117016955,299.14370117016955,248.30439093356358,234,362,8.276545002696771,8.276545002696771,1.0,1.0,2039.6278142588435,299.14370117016955,299.14370117016955,248.30439093356358,362,2039.6278142588435,3044960
